ArchivePath,RunName,Status,Note,Dataset,Model,Pretrained,Dropout,Epochs,BestEpoch,Optimizer,FreezeBackbone,LrBackbone,LrFinetune,BatchSize,NumWorkers,ClassWeights,LabelSmoothing,DPEnabled,DPMode,NoiseMultiplier,TargetEpsilon,TargetDelta,MaxGradNorm,PoissonSampling,Clipping,GradSampleMode,BestValBalancedAccuracy,BestValAUC,BestValSensitivity,BestValSpecificity,BestValLoss,FinalTestBalancedAccuracy,FinalTestAUC,FinalTestSensitivity,FinalTestSpecificity,FinalTestLoss,BestModelTestBalancedAccuracy,BestModelTestAUC,BestModelTestSensitivity,BestModelTestSpecificity,BestModelTestLoss,FinalEpsilon,AverageEpochDuration,Duration
centralized_runs/archive/2026-05-14/adam_pilots_20260514_025822/adam_headonly_dp_noise02_b128_e10_seed42_20260514_025822,adam_headonly_dp_noise02_b128_e10_seed42_20260514_025822,completed,Collapsed,Dataset,ConvNeXtTiny,true,0.5,10,1,Adam,true,1e-05,0.0001,128,2,true,0.1,true,noise_multiplier,0.2,,1e-05,1.0,true,flat,hooks,0.5,0.5654557706444499,0.0,1.0,1.0399065494537354,0.5,0.6226073839755136,0.0,1.0,1.1184717774391175,0.5,0.5347927009651011,0.0,1.0,1.0530883729457856,253.17401889416584,00:02:26,00:24:21
centralized_runs/archive/2026-05-14/adam_pilots_20260514_025822/adam_headonly_dp_noise05_b128_e10_seed42_20260514_025822,adam_headonly_dp_noise05_b128_e10_seed42_20260514_025822,completed,Collapsed,Dataset,ConvNeXtTiny,true,0.5,10,1,Adam,true,1e-05,0.0001,128,2,true,0.1,true,noise_multiplier,0.5,,1e-05,1.0,true,flat,hooks,0.5,0.5578902229845626,0.0,1.0,0.9932165622711182,0.5,0.6053629746789099,0.0,1.0,1.1125721693038941,0.5,0.5280047742483488,0.0,1.0,1.0061448752880096,21.087949108180695,00:02:52,00:28:40
centralized_runs/archive/2026-05-14/adam_pilots_20260514_025822/adam_headonly_dp_noise10_b128_e10_seed42_20260514_025822,adam_headonly_dp_noise10_b128_e10_seed42_20260514_025822,completed,Collapsed,Dataset,ConvNeXtTiny,true,0.5,10,1,Adam,true,1e-05,0.0001,128,2,true,0.1,true,noise_multiplier,1.0,,1e-05,1.0,true,flat,hooks,0.5,0.5374448664543005,0.0,1.0,0.9329019546508789,0.5,0.5840472738456132,0.0,1.0,1.1039000809192658,0.5,0.5170942987273552,0.0,1.0,0.9439312219619751,3.697648170149531,00:01:08,00:11:15
centralized_runs/archive/2026-05-14/adam_pilots_20260514_025822/adam_headonly_nondp_b128_e10_seed42_20260514_025822,adam_headonly_nondp_b128_e10_seed42_20260514_025822,completed,,Dataset,ConvNeXtTiny,true,0.5,10,8,Adam,true,1e-05,0.0001,128,2,true,0.1,false,noise_multiplier,0.0,,1e-05,1.0,true,flat,hooks,0.6176948051948052,0.6824614065180103,0.6103896103896104,0.625,0.6793054461479187,0.6020220992047801,0.6597762254148177,0.6820987654320988,0.5219454329774614,0.6662151455879212,0.5986885461974429,0.6502716635180059,0.6481481481481481,0.5492289442467378,0.6745043992996216,,00:00:43,00:07:08
centralized_runs/archive/2026-05-14/adam_pilots_cachedataset_20260514_141019/adam_fullbackbone_nondp_b128_e50_seed42_20260514_141019,adam_fullbackbone_nondp_b128_e50_seed42_20260514_141019,completed,,CacheDataset,ConvNeXtTiny,true,0.5,50,45,Adam,false,1e-05,0.0001,128,2,true,0.1,false,noise_multiplier,0.0,,1e-05,1.0,true,flat,hooks,0.8144296740994854,0.8846790002450381,0.7727272727272727,0.8561320754716981,0.5554308652877807,0.7735710206054216,0.8486006765959316,0.7345679012345679,0.8125741399762753,0.5859841883182526,0.780682966477747,0.8592621882459763,0.7191358024691358,0.8422301304863582,0.5760994374752044,,00:01:16,01:03:22
centralized_runs/archive/2026-05-14/adam_pilots_cachedataset_20260514_141019/adam_headonly_dp_noise02_clip5_b128_e10_seed42_20260514_141019,adam_headonly_dp_noise02_clip5_b128_e10_seed42_20260514_141019,completed,Collapsed,CacheDataset,ConvNeXtTiny,true,0.5,25,1,Adam,true,1e-05,0.0001,128,2,true,0.1,true,noise_multiplier,0.2,,1e-05,5.0,true,flat,hooks,0.5,0.5660224209752511,0.0,1.0,1.011564600467682,0.5,0.687835918164111,0.0,1.0,1.016520655155182,0.5,0.5361070837543751,0.0,1.0,1.0237493455410003,458.10754457180866,00:00:15,00:06:04
centralized_runs/archive/2026-05-14/adam_pilots_cachedataset_20260514_141019/adam_headonly_dp_noise05_clip10_b128_e10_seed42_20260514_141019,adam_headonly_dp_noise05_clip10_b128_e10_seed42_20260514_141019,completed,Collapsed,CacheDataset,ConvNeXtTiny,true,0.5,25,1,Adam,true,1e-05,0.0001,128,2,true,0.1,true,noise_multiplier,0.5,,1e-05,10.0,true,flat,hooks,0.5,0.5483490566037736,0.0,1.0,0.9173968076705933,0.5,0.675197340480061,0.0,1.0,0.9280649423599243,0.5,0.5264249520378425,0.0,1.0,0.9276741564273834,33.25652723628989,00:00:12,00:05:01
centralized_runs/archive/2026-05-14/adam_pilots_cachedataset_20260514_141019/adam_headonly_dp_noise05_clip5_b128_e10_seed42_20260514_141019,adam_headonly_dp_noise05_clip5_b128_e10_seed42_20260514_141019,completed,Collapsed,CacheDataset,ConvNeXtTiny,true,0.5,25,1,Adam,true,1e-05,0.0001,128,2,true,0.1,true,noise_multiplier,0.5,,1e-05,5.0,true,flat,hooks,0.5,0.5555547047292331,0.0,1.0,0.9676369667053223,0.5,0.6652644142758813,0.0,1.0,1.0389020502567292,0.5,0.5287516658611953,0.0,1.0,0.9797368109226227,33.25652723628989,00:00:12,00:05:00
centralized_runs/archive/2026-05-14/adam_pilots_cachedataset_20260514_141019/adam_headonly_dp_sgdrecipe_noise10_clip1_b256_e15_seed42_20260514_141019,adam_headonly_dp_sgdrecipe_noise10_clip1_b256_e15_seed42_20260514_141019,completed,Collapsed,CacheDataset,ConvNeXtTiny,true,0.5,25,1,Adam,true,1e-05,0.0001,256,2,true,0.1,true,noise_multiplier,1.0,,1e-05,1.0,true,flat,hooks,0.5,0.5100618720901741,0.0,1.0,0.8315527439117432,0.5,0.610441105399587,0.0,1.0,1.1207600116729737,0.5030864197530864,0.5058213611001274,0.006172839506172839,1.0,0.8398322463035583,8.581217433888234,00:00:12,00:05:06
centralized_runs/archive/2026-05-14/adam_pilots_cachedataset_20260514_141019/adam_headonly_dp_sgdrecipe_noise12_clip1_b256_e15_seed42_20260514_141019,adam_headonly_dp_sgdrecipe_noise12_clip1_b256_e15_seed42_20260514_141019,completed,Collapsed,CacheDataset,ConvNeXtTiny,true,0.5,25,1,Adam,true,1e-05,0.0001,256,2,true,0.1,true,noise_multiplier,1.2,,1e-05,1.0,true,flat,hooks,0.5032467532467533,0.5078412153883852,0.006493506493506494,1.0,0.8239954113960266,0.5,0.6082626715287845,0.0,1.0,1.1211437463760376,0.5046296296296297,0.5041463468213172,0.009259259259259259,1.0,0.8319161295890808,6.171429334294281,00:00:12,00:05:05
centralized_runs/archive/2026-05-14/adam_pilots_cachedataset_20260514_141019/adam_headonly_nondp_b128_e50_seed42_20260514_141019,adam_headonly_nondp_b128_e50_seed42_20260514_141019,completed,,CacheDataset,ConvNeXtTiny,true,0.5,50,50,Adam,true,1e-05,0.0001,128,2,true,0.1,false,noise_multiplier,0.0,,1e-05,1.0,true,flat,hooks,0.6787552070570938,0.7654833374172997,0.6688311688311688,0.6886792452830188,0.6283658146858215,0.6673860990290409,0.7346081748019273,0.6882716049382716,0.6465005931198102,0.6320276439189911,0.6673860990290409,0.7346081748019273,0.6882716049382716,0.6465005931198102,0.6320276439189911,,00:00:12,00:09:45
centralized_runs/archive/2026-05-16/fullbackbone_dp_diagnostics_clip200_20260516_004542/adam_fullbackbone_dp_diag_noise0_clip10_b128_e10_seed42_20260516_004542,adam_fullbackbone_dp_diag_noise0_clip10_b128_e10_seed42_20260516_004542,completed,,CacheDataset,ConvNeXtTiny,true,0.5,10,9,Adam,false,1e-05,0.0001,128,2,true,0.1,true,noise_multiplier,0.0,,1e-05,10.0,true,flat,hooks,0.7158018867924528,0.8314138691497182,0.5,0.9316037735849056,0.7021942138671875,0.7031270594437855,0.8287165180205908,0.4537037037037037,0.9525504151838672,0.6861681878566742,0.7116778700408594,0.8318944686085848,0.48148148148148145,0.9418742586002372,0.6616046458482743,nan,00:01:45,00:17:28
centralized_runs/archive/2026-05-16/fullbackbone_dp_diagnostics_clip200_20260516_004542/adam_fullbackbone_dp_diag_noise0_clip200_b128_e10_seed42_20260516_004542,adam_fullbackbone_dp_diag_noise0_clip200_b128_e10_seed42_20260516_004542,completed,,CacheDataset,ConvNeXtTiny,true,0.5,10,9,Adam,false,1e-05,0.0001,128,2,true,0.1,true,noise_multiplier,0.0,,1e-05,200.0,true,flat,hooks,0.76514641019358,0.8565149473168341,0.6883116883116883,0.8419811320754716,0.5817055106163025,0.7539815913184833,0.8288885959902174,0.6882716049382716,0.8196915776986952,0.58579803109169,0.7505546768595404,0.826043817641287,0.7253086419753086,0.7758007117437722,0.580087298154831,nan,00:01:45,00:17:28
centralized_runs/archive/2026-05-16/fullbackbone_dp_diagnostics_clip200_20260516_004542/adam_fullbackbone_dp_diag_noise0_clip50_b128_e10_seed42_20260516_004542,adam_fullbackbone_dp_diag_noise0_clip50_b128_e10_seed42_20260516_004542,completed,,CacheDataset,ConvNeXtTiny,true,0.5,10,8,Adam,false,1e-05,0.0001,128,2,true,0.1,true,noise_multiplier,0.0,,1e-05,50.0,true,flat,hooks,0.7373652291105122,0.8337876745895614,0.5714285714285714,0.9033018867924528,0.644196343421936,0.7216565616624928,0.8197648023666213,0.5216049382716049,0.9217081850533808,0.6494521170854568,0.7321185360924388,0.817860961000542,0.5864197530864198,0.8778173190984578,0.6180818468332291,nan,00:01:45,00:17:29
centralized_runs/archive/2026-05-16/fullbackbone_dp_diagnostics_clip200_20260516_004542/adam_fullbackbone_dp_noise03_clip200_b128_e50_seed42_20260516_004542,adam_fullbackbone_dp_noise03_clip200_b128_e50_seed42_20260516_004542,completed,,CacheDataset,ConvNeXtTiny,true,0.5,50,49,Adam,false,1e-05,0.0001,128,2,true,0.1,true,noise_multiplier,0.3,,1e-05,200.0,true,flat,hooks,0.6616944376378339,0.7158018867924528,0.7337662337662337,0.589622641509434,0.6622092604637146,0.6405693950177935,0.6998118126034298,0.6666666666666666,0.6144721233689205,0.6576991617679596,0.6344240147620931,0.7001413236090974,0.7314814814814815,0.5373665480427047,0.6522859871387482,239.17879730060605,00:01:48,01:30:19
centralized_runs/archive/2026-05-16/fullbackbone_dp_diagnostics_clip200_20260516_004542/adam_fullbackbone_dp_noise06_clip200_b128_e50_seed42_20260516_004542,adam_fullbackbone_dp_noise06_clip200_b128_e50_seed42_20260516_004542,completed,,CacheDataset,ConvNeXtTiny,true,0.5,50,47,Adam,false,1e-05,0.0001,128,2,true,0.1,true,noise_multiplier,0.6,,1e-05,200.0,true,flat,hooks,0.63074307767704,0.689935064935065,0.7402597402597403,0.5212264150943396,0.67831871509552,0.6201836474671587,0.671675233952814,0.7160493827160493,0.5243179122182681,0.6680173635482788,0.6218586617459689,0.6701265322261764,0.7561728395061729,0.4875444839857651,0.6677628874778747,28.902477592040427,00:01:47,01:28:51
centralized_runs/archive/2026-05-16/fullbackbone_dp_diagnostics_clip200_20260516_004542/adam_fullbackbone_dp_noise10_clip200_b128_e50_seed42_20260516_004542,adam_fullbackbone_dp_noise10_clip200_b128_e50_seed42_20260516_004542,completed,,CacheDataset,ConvNeXtTiny,true,0.5,50,41,Adam,false,1e-05,0.0001,128,2,true,0.1,true,noise_multiplier,1.0,,1e-05,200.0,true,flat,hooks,0.6121967654986523,0.6665951972555746,0.7857142857142857,0.4386792452830189,0.6864217281341553,0.5993146171082114,0.6467367426738719,0.7407407407407407,0.4578884934756821,0.6771301329135895,0.5956515530952067,0.6346565030827586,0.7808641975308642,0.41043890865954924,0.680536562204361,8.460364202571178,00:01:47,01:29:25
centralized_runs/archive/2026-05-17/fullbackbone_dp_interrupted_grad_output_20260517_224010/adam_fullbackbone_dp_noise06_clip200_b128_e50_seed42_20260516_171538,adam_fullbackbone_dp_noise06_clip200_b128_e50_seed42_20260516_171538,completed,,CacheDataset,ConvNeXtTiny,true,0.5,50,47,Adam,false,1e-05,0.0001,128,2,true,0.1,true,noise_multiplier,0.6,,1e-05,200.0,true,flat,hooks,0.63074307767704,0.689935064935065,0.7402597402597403,0.5212264150943396,0.67831871509552,0.6201836474671587,0.671675233952814,0.7160493827160493,0.5243179122182681,0.6680173635482788,0.6218586617459689,0.6701265322261764,0.7561728395061729,0.4875444839857651,0.6677628874778747,28.902477592040427,00:01:45,01:27:12
centralized_runs/archive/2026-05-18/fullbackbone_dp_stopped_batch256_slow_20260518_103057/adam_fullbackbone_dp_noise06_clip200_b128_e50_seed42_20260517_224141,adam_fullbackbone_dp_noise06_clip200_b128_e50_seed42_20260517_224141,completed,,CacheDataset,ConvNeXtTiny,true,0.5,50,47,Adam,false,1e-05,0.0001,128,2,true,0.1,true,noise_multiplier,0.6,,1e-05,200.0,true,flat,hooks,0.63074307767704,0.689935064935065,0.7402597402597403,0.5212264150943396,0.67831871509552,0.6201836474671587,0.671675233952814,0.7160493827160493,0.5243179122182681,0.6680173635482788,0.6218586617459689,0.6701265322261764,0.7561728395061729,0.4875444839857651,0.6677628874778747,28.902477592040427,00:01:47,01:29:30
centralized_runs/archive/2026-05-19/fullbackbone_dp_targeteps_sweep_20260518_104111/adam_fullbackbone_dp_noise06_clip200_b128_e50_seed42_20260518_104111,adam_fullbackbone_dp_noise06_clip200_b128_e50_seed42_20260518_104111,completed,,CacheDataset,ConvNeXtTiny,true,0.5,50,47,Adam,false,1e-05,0.0001,128,2,true,0.1,true,noise_multiplier,0.6,,1e-05,200.0,true,flat,hooks,0.63074307767704,0.689935064935065,0.7402597402597403,0.5212264150943396,0.67831871509552,0.6201836474671587,0.671675233952814,0.7160493827160493,0.5243179122182681,0.6680173635482788,0.6218586617459689,0.6701265322261764,0.7561728395061729,0.4875444839857651,0.6677628874778747,28.902477592040427,00:01:48,01:29:59
centralized_runs/archive/2026-05-19/fullbackbone_dp_targeteps_sweep_20260518_104111/adam_fullbackbone_dp_noise08_clip250_b128_e50_seed42_20260518_104111,adam_fullbackbone_dp_noise08_clip250_b128_e50_seed42_20260518_104111,completed,,CacheDataset,ConvNeXtTiny,true,0.5,50,50,Adam,false,1e-05,0.0001,128,2,true,0.1,true,noise_multiplier,0.8,,1e-05,250.0,true,flat,hooks,0.6071581720166626,0.6665186228865475,0.7402597402597403,0.4740566037735849,0.6865947365760803,0.6050151575062608,0.6433702385659681,0.7592592592592593,0.45077105575326215,0.6785041809082031,0.6050151575062608,0.6433702385659681,0.7592592592592593,0.45077105575326215,0.6785041809082031,13.662247947316349,00:01:48,01:30:04
centralized_runs/archive/2026-05-19/fullbackbone_dp_targeteps_sweep_20260518_104111/adam_fullbackbone_dp_noise10_clip220_b128_e50_seed42_20260518_104111,adam_fullbackbone_dp_noise10_clip220_b128_e50_seed42_20260518_104111,completed,,CacheDataset,ConvNeXtTiny,true,0.5,50,40,Adam,false,1e-05,0.0001,128,2,true,0.1,true,noise_multiplier,1.0,,1e-05,220.0,true,flat,hooks,0.6036510659152169,0.6611737319284489,0.7922077922077922,0.41509433962264153,0.6879078030586243,0.5988478098501824,0.6383104140122725,0.7623456790123457,0.43534994068801897,0.6799943208694458,0.5868810684943544,0.6247601892125418,0.8024691358024691,0.37129300118623965,0.6841678142547607,8.460364202571178,00:01:49,01:30:54
centralized_runs/archive/2026-05-19/fullbackbone_dp_targeteps_sweep_20260518_104111/adam_fullbackbone_dp_targeteps0p8_clip200_b128_e50_seed42_20260518_104111,adam_fullbackbone_dp_targeteps0p8_clip200_b128_e50_seed42_20260518_104111,completed,,CacheDataset,ConvNeXtTiny,true,0.5,50,45,Adam,false,1e-05,0.0001,128,2,true,0.1,true,target_epsilon,6.015625,0.8,1e-05,200.0,true,flat,hooks,0.5638323940210732,0.6055041656456751,0.7597402597402597,0.36792452830188677,0.6979950189590454,0.5580378717982514,0.5694426138277463,0.7530864197530864,0.36298932384341637,0.6997030675411224,0.5335936470278108,0.5590044374148763,0.7314814814814815,0.33570581257413995,0.7012783110141754,0.79153848647456,00:01:47,01:29:25
centralized_runs/archive/2026-05-19/fullbackbone_dp_targeteps_sweep_20260518_104111/adam_fullbackbone_dp_targeteps10_clip200_b128_e50_seed42_20260518_104111,adam_fullbackbone_dp_targeteps10_clip200_b128_e50_seed42_20260518_104111,completed,,CacheDataset,ConvNeXtTiny,true,0.5,50,36,Adam,false,1e-05,0.0001,128,2,true,0.1,true,target_epsilon,0.9210205078125,10.0,1e-05,200.0,true,flat,hooks,0.6169290615045332,0.6684789267336437,0.8116883116883117,0.4221698113207547,0.6861381649971008,0.6099907736918413,0.6511100859657601,0.7407407407407407,0.4792408066429419,0.675600665807724,0.6033676024779228,0.6327361861663957,0.7962962962962963,0.41043890865954924,0.6819703996181488,9.99050383766101,00:01:47,01:29:28
centralized_runs/archive/2026-05-19/fullbackbone_dp_targeteps_sweep_20260518_104111/adam_fullbackbone_dp_targeteps1_clip200_b128_e50_seed42_20260518_104111,adam_fullbackbone_dp_targeteps1_clip200_b128_e50_seed42_20260518_104111,completed,,CacheDataset,ConvNeXtTiny,true,0.5,50,44,Adam,false,1e-05,0.0001,128,2,true,0.1,true,target_epsilon,4.8828125,1.0,1e-05,200.0,true,flat,hooks,0.5626531487380544,0.6094860328350895,0.7597402597402597,0.36556603773584906,0.6973562479019165,0.554594481789025,0.574956431322584,0.7438271604938271,0.365361803084223,0.6983535706996917,0.5357299767145556,0.5614684474905907,0.7345679012345679,0.3368920521945433,0.7007085025310517,0.9980195356198904,00:01:47,01:29:15
centralized_runs/archive/2026-05-19/fullbackbone_dp_targeteps_sweep_20260518_104111/adam_fullbackbone_dp_targeteps3_clip200_b128_e50_seed42_20260518_104111,adam_fullbackbone_dp_targeteps3_clip200_b128_e50_seed42_20260518_104111,completed,,CacheDataset,ConvNeXtTiny,true,0.5,50,41,Adam,false,1e-05,0.0001,128,2,true,0.1,true,target_epsilon,1.943359375,3.0,1e-05,200.0,true,flat,hooks,0.5909703504043127,0.6382320509678999,0.7857142857142857,0.39622641509433965,0.6917404055595398,0.5699057598523791,0.6084457331986,0.7685185185185185,0.37129300118623965,0.689246779680252,0.5616020825095558,0.5939875225165854,0.7685185185185185,0.35468564650059314,0.6926315486431122,2.99177284360133,00:01:47,01:29:08
centralized_runs/archive/2026-05-19/fullbackbone_dp_targeteps_sweep_20260518_104111/adam_fullbackbone_dp_targeteps5_clip200_b128_e50_seed42_20260518_104111,adam_fullbackbone_dp_targeteps5_clip200_b128_e50_seed42_20260518_104111,completed,,CacheDataset,ConvNeXtTiny,true,0.5,50,44,Adam,false,1e-05,0.0001,128,2,true,0.1,true,target_epsilon,1.35498046875,5.0,1e-05,200.0,true,flat,hooks,0.6006952952707669,0.6569008821367311,0.7792207792207793,0.4221698113207547,0.6888689398765564,0.5859145028777295,0.6272534891554268,0.7530864197530864,0.41874258600237246,0.6833736598491669,0.5814166776503669,0.6191621633495893,0.7808641975308642,0.3819691577698695,0.6863649427890778,4.993681719535633,00:01:47,01:29:06
centralized_runs/archive/baseline_freezebackbone_20260513_111450/baseline_off_adam_freezebackbone_lrh1e4_b128_e20_seed42_20260513_111450,baseline_off_adam_freezebackbone_lrh1e4_b128_e20_seed42_20260513_111450,completed,,Dataset,ConvNeXtTiny,true,0.5,20,19,Adam,true,0.0,0.0001,128,10,true,0.1,false,noise_multiplier,0.5,,0.00025886616515661404,5.0,true,flat,hooks,0.6610818426856162,0.731269909335947,0.6948051948051948,0.6273584905660378,0.6471211910247803,0.6359507490883529,0.7114984696044403,0.6882716049382716,0.5836298932384342,0.6419610202312469,0.6359562409384474,0.7086317238551323,0.7037037037037037,0.5682087781731909,0.6433737576007843,,00:00:21,00:06:57
centralized_runs/archive/convnext_tiny_20260511_150847,convnext_tiny_20260511_150847,completed,,Dataset,ConvNeXtTiny,true,0.5,50,28,Adam,,1e-05,0.0001,128,10,true,0.1,,,,,,,,,,0.8415829453565302,0.8857050967900023,0.8246753246753247,0.8584905660377359,0.5448668718338012,0.7696333640876938,0.8576768741853755,0.6697530864197531,0.8695136417556346,0.5906115531921386,,,,,,,,
centralized_runs/archive/current_runs_20260512_165422/results/sanity_off_adam_lr5e4_b128_20260512_125000,sanity_off_adam_lr5e4_b128_20260512_125000,completed,,Dataset,ConvNeXtTiny,true,0.5,5,4,Adam,,0.0005,0.0005,128,4,true,0.1,false,noise_multiplier,1.0,,,1.0,true,flat,hooks,0.7416840235236462,0.838994731683411,0.8961038961038961,0.5872641509433962,0.6227646470069885,0.7306577039673126,0.8220457507725202,0.8148148148148148,0.6465005931198102,0.5704578876495361,0.7183394842054391,0.8402896767863159,0.8672839506172839,0.5693950177935944,0.6053832173347473,,00:01:29,00:07:27
centralized_runs/archive/dp_adam_experiments_20260512_173837/baseline_off_adam_lrb1e5_lrh1e4_b128_e20_seed42_20260512_173837,baseline_off_adam_lrb1e5_lrh1e4_b128_e20_seed42_20260512_173837,completed,,Dataset,ConvNeXtTiny,true,0.5,20,15,Adam,false,1e-05,0.0001,128,10,true,0.1,false,noise_multiplier,0.5,,0.00025886616515661404,5.0,true,flat,hooks,0.8070938495466797,0.875903577554521,0.8311688311688312,0.7830188679245284,0.5426446497440338,0.7628948640217916,0.8441596004862119,0.7345679012345679,0.7912218268090154,0.5620153248310089,0.7498627037476385,0.8358852130105591,0.7808641975308642,0.7188612099644128,0.5619031012058258,,00:01:25,00:28:16
centralized_runs/archive/dp_adam_experiments_20260512_173837/dp_adam_freezebackbone_lrh1e4_b128_norm5_noise05_20260512_173837,dp_adam_freezebackbone_lrh1e4_b128_norm5_noise05_20260512_173837,completed,,Dataset,ConvNeXtTiny,true,0.5,20,1,Adam,true,0.0,0.0001,128,10,true,0.1,true,noise_multiplier,0.5,,0.00025886616515661404,5.0,true,flat,hooks,0.5,0.5340449644694928,0.0,1.0,0.9739693164825439,0.5,0.6362454783767555,0.0,1.0,1.045101535320282,0.5,0.516757465254895,0.0,1.0,0.9841459929943085,24.025155041919145,00:00:21,00:07:01
centralized_runs/archive/dp_adam_experiments_20260512_173837/dp_light_noise02_b128_e20_seed42_20260512_173837,dp_light_noise02_b128_e20_seed42_20260512_173837,completed,,Dataset,ConvNeXtTiny,true,0.5,20,1,Adam,false,1e-05,0.0001,128,10,true,0.1,true,noise_multiplier,0.2,,0.00025886616515661404,5.0,true,flat,hooks,0.5,0.5568641264395982,0.0,1.0,1.0965768575668335,0.5,0.6333274753598993,0.0,1.0,1.111145269870758,0.5,0.50606666373768,0.0,1.0,1.1226031184196472,345.24296752054335,00:01:59,00:39:36
centralized_runs/archive/dp_adam_experiments_20260512_173837/dp_mid_noise05_clip10_b128_e20_seed42_20260512_173837,dp_mid_noise05_clip10_b128_e20_seed42_20260512_173837,completed,,Dataset,ConvNeXtTiny,true,0.5,20,1,Adam,false,1e-05,0.0001,128,10,true,0.1,true,noise_multiplier,0.5,,0.00025886616515661404,10.0,true,flat,hooks,0.5,0.5411970105366332,0.0,1.0,0.966990840435028,0.5,0.5914429653061524,0.0,1.0,1.0765217959880828,0.5,0.5024823162426959,0.0,1.0,0.9858401000499726,24.025155041919145,00:01:56,00:38:44
centralized_runs/archive/dp_adam_experiments_20260512_173837/dp_mid_noise05_trainbackbone_b128_e20_seed42_20260512_173837,dp_mid_noise05_trainbackbone_b128_e20_seed42_20260512_173837,completed,,Dataset,ConvNeXtTiny,true,0.5,20,1,Adam,false,1e-05,0.0001,128,10,true,0.1,true,noise_multiplier,0.5,,0.00025886616515661404,5.0,true,flat,hooks,0.5,0.5415492526341583,0.0,1.0,0.9818748593330383,0.5,0.5881698226498542,0.0,1.0,1.1221436142921448,0.5,0.502017339601365,0.0,1.0,1.0015886962413787,24.025155041919145,00:01:55,00:38:16
centralized_runs/archive/dp_adam_experiments_20260512_173837/dp_strong_noise08_b128_e20_seed42_20260512_173837,dp_strong_noise08_b128_e20_seed42_20260512_173837,completed,,Dataset,ConvNeXtTiny,true,0.5,20,1,Adam,false,1e-05,0.0001,128,10,true,0.1,true,noise_multiplier,0.8,,0.00025886616515661404,5.0,true,flat,hooks,0.5,0.5317324185248713,0.0,1.0,0.9058029055595398,0.5,0.5682032863230965,0.0,1.0,1.1193228721618653,0.5,0.5022736259391064,0.0,1.0,0.9206635415554046,6.655027058792894,00:01:56,00:38:36
centralized_runs/archive/dp_debug_experiments_20260513_114657/dp_debug_noise02_clip50_b128_e20_seed42_20260513_114657,dp_debug_noise02_clip50_b128_e20_seed42_20260513_114657,completed,,Dataset,ConvNeXtTiny,true,0.5,20,20,Adam,false,1e-05,0.0001,128,10,true,0.1,true,noise_multiplier,0.2,,0.00025886616515661404,50.0,true,flat,hooks,0.5386700563587357,0.7200747365841706,0.08441558441558442,0.9929245283018868,0.8056973695755005,0.5195894292869382,0.6900582868356692,0.046296296296296294,0.9928825622775801,0.7974842250347137,0.5195894292869382,0.6900582868356692,0.046296296296296294,0.9928825622775801,0.7974842250347137,345.24296752054335,00:01:58,00:39:14
centralized_runs/archive/dp_debug_experiments_20260513_114657/dp_debug_noise02_noclassweights_b128_e20_seed42_20260513_114657,dp_debug_noise02_noclassweights_b128_e20_seed42_20260513_114657,completed,,Dataset,ConvNeXtTiny,true,0.5,20,1,Adam,false,1e-05,0.0001,128,10,false,0.1,true,noise_multiplier,0.2,,0.00025886616515661404,5.0,true,flat,hooks,0.5,0.5568488115657927,0.0,1.0,0.6849058032035827,0.5,0.6456987830060191,0.0,1.0,0.8482172369956971,0.5,0.5056602668306899,0.0,1.0,0.7101597368717194,345.24296752054335,00:01:57,00:39:09
centralized_runs/archive/dp_debug_experiments_20260513_114657/dp_debug_noise02_nolabelsmooth_b128_e20_seed42_20260513_114657,dp_debug_noise02_nolabelsmooth_b128_e20_seed42_20260513_114657,completed,,Dataset,ConvNeXtTiny,true,0.5,20,1,Adam,false,1e-05,0.0001,128,10,true,0.0,true,noise_multiplier,0.2,,0.00025886616515661404,5.0,true,flat,hooks,0.5,0.5568641264395982,0.0,1.0,1.1520206689834596,0.5,0.6652790592094665,0.0,1.0,2.226688826084137,0.5,0.5058176998667312,0.0,1.0,1.1886940717697143,345.24296752054335,00:01:59,00:39:35
centralized_runs/archive/dp_debug_experiments_20260513_114657/dp_debug_noise0_clip5_b128_e20_seed42_20260513_114657,dp_debug_noise0_clip5_b128_e20_seed42_20260513_114657,completed,,Dataset,ConvNeXtTiny,true,0.5,20,19,Adam,false,1e-05,0.0001,128,10,true,0.1,true,noise_multiplier,0.0,,0.00025886616515661404,5.0,true,flat,hooks,0.7479784366576819,0.8602670913991669,0.5714285714285714,0.9245283018867925,0.6988768935203552,0.7370941522780194,0.8415180205907766,0.5679012345679012,0.9062870699881376,0.6486207693815231,0.7385110496023901,0.8377011847751272,0.5493827160493827,0.9276393831553974,0.6698014676570893,nan,00:01:55,00:38:19
centralized_runs/archive/dp_sgd_smoke_runs_20260513/dp_sgd_tiny_smoke,dp_sgd_tiny_smoke,completed,,Dataset,SimpleNetwork,false,0.0,1,1,Adam,false,0.01,0.01,2,0,true,0.0,true,noise_multiplier,0.5,,0.25,1.0,true,flat,hooks,0.5,1.0,0.0,1.0,0.6930737495422363,0.5,0.0,0.0,1.0,0.6936437487602234,0.5,0.0,0.0,1.0,0.6936437487602234,1.8303383435281428,00:00:02,00:00:02
centralized_runs/archive/headonly_noise_sweep_20260514_010923/opacus_headonly_noise10_b256_clip1_e15_seed42_20260513_181257,opacus_headonly_noise10_b256_clip1_e15_seed42_20260513_181257,completed,,Dataset,ConvNeXtTiny,true,0.5,15,10,SGD,true,0.0,0.0001,256,2,false,0.0,true,noise_multiplier,1.0,,1e-05,1.0,true,flat,hooks,0.5155752266601323,0.5041043861798579,0.4155844155844156,0.6155660377358491,0.6872757871945699,0.5025976450946794,0.49134484425113123,0.2993827160493827,0.7058125741399762,0.675167715549469,0.4958701287289662,0.4913594891847166,0.3950617283950617,0.5966785290628707,0.6878429293632508,6.603490236232721,00:00:46,00:11:34
centralized_runs/archive/headonly_noise_sweep_20260514_010923/opacus_headonly_noise10_b512_clip05_autocw_e15_seed42_20260513_181257,opacus_headonly_noise10_b512_clip05_autocw_e15_seed42_20260513_181257,completed,,Dataset,ConvNeXtTiny,true,0.5,15,1,SGD,true,0.0,0.0001,512,2,true,0.0,true,noise_multiplier,1.0,,1e-05,0.5,true,flat,hooks,0.5106897819161971,0.5028791962754227,0.6298701298701299,0.3915094339622642,0.7029262781143188,0.4928331356267299,0.491436375086039,0.5277777777777778,0.4578884934756821,0.705225666364034,0.4856223364527042,0.4915755019550986,0.5987654320987654,0.37247924080664296,0.7032458186149597,9.73117429711358,00:03:05,00:46:09
centralized_runs/archive/headonly_noise_sweep_20260514_010923/opacus_headonly_noise12_b256_clip1_e15_seed42_20260513_181257,opacus_headonly_noise12_b256_clip1_e15_seed42_20260513_181257,completed,,Dataset,ConvNeXtTiny,true,0.5,15,10,SGD,true,0.0,0.0001,256,2,false,0.0,true,noise_multiplier,1.2,,1e-05,1.0,true,flat,hooks,0.5155752266601323,0.504104386179858,0.4155844155844156,0.6155660377358491,0.6872705419858297,0.5025976450946794,0.4913265380841498,0.2993827160493827,0.7058125741399762,0.6751584649085999,0.49646324853916785,0.4913741341183018,0.3950617283950617,0.597864768683274,0.687839686870575,4.732213133993089,00:01:28,00:22:07
centralized_runs/archive/pre_adam_pilots_20260514_025815/opacus_compatible_non_dp_baseline_b128_e30_seed42_20260513_144248,opacus_compatible_non_dp_baseline_b128_e30_seed42_20260513_144248,completed,,Dataset,ConvNeXtTiny,true,0.5,30,26,SGD,false,1e-05,0.0001,128,10,true,0.1,false,noise_multiplier,0.0,,0.00025886616515661404,5.0,true,flat,hooks,0.6109868904680225,0.6816650330801274,0.7337662337662337,0.4882075471698113,0.6765359401702881,0.5990839594042441,0.6283591816411114,0.7592592592592593,0.4389086595492289,0.6747871577739716,0.5937348974122403,0.6246576746774453,0.7283950617283951,0.45907473309608543,0.6771439909934998,,00:01:24,00:42:03
centralized_runs/archive/pre_adam_pilots_20260514_025815/sgd_headonly_nondp_lrh1e2_mom09_cw_ls01_b128_e10_seed42_20260514_rest_023151,sgd_headonly_nondp_lrh1e2_mom09_cw_ls01_b128_e10_seed42_20260514_rest_023151,completed,,Dataset,ConvNeXtTiny,true,0.5,10,5,SGD,true,0.0,0.01,128,2,true,0.1,false,,,,,,,,,0.6757994364126441,0.7474730458221024,0.6558441558441559,0.6957547169811321,0.6621522188186646,0.660186283555204,0.7353587276481701,0.4567901234567901,0.863582443653618,0.7216208875179291,0.6511082553490619,0.7257992472504138,0.6141975308641975,0.6880189798339265,0.6670556664466858,,00:00:46,00:07:44
centralized_runs/archive/pre_adam_pilots_20260514_025815/sgd_headonly_nondp_lrh1e3_mom09_cw_ls01_b128_e10_seed42_20260514_021152,sgd_headonly_nondp_lrh1e3_mom09_cw_ls01_b128_e10_seed42_20260514_021152,completed,,Dataset,ConvNeXtTiny,true,0.5,10,10,SGD,true,0.0,0.001,128,2,true,0.1,false,,,,,,,,,0.6690302621906395,0.7405047782406273,0.6753246753246753,0.6627358490566038,0.6365060806274414,0.6764201924344273,0.7398949958261939,0.7407407407407407,0.6120996441281139,0.6325015008449555,0.6764201924344273,0.7398949958261939,0.7407407407407407,0.6120996441281139,0.6325015008449555,,00:01:04,00:10:37
centralized_runs/archive/pre_adam_pilots_20260514_025815/sgd_headonly_nondp_lrh3e3_mom09_cw_ls01_b128_e10_seed42_20260514_rest_023151,sgd_headonly_nondp_lrh3e3_mom09_cw_ls01_b128_e10_seed42_20260514_rest_023151,completed,,Dataset,ConvNeXtTiny,true,0.5,10,10,SGD,true,0.0,0.003,128,2,true,0.1,false,,,,,,,,,0.6896900269541779,0.7401678510169076,0.7142857142857143,0.6650943396226415,0.6435209155082703,0.6633605729098019,0.726520510229486,0.7098765432098766,0.6168446026097272,0.6355745732784271,0.6633605729098019,0.726520510229486,0.7098765432098766,0.6168446026097272,0.6355745732784271,,00:00:41,00:06:51
centralized_runs/archive/2026-05-21/smoke_shadow_persistentdataset_20260521_010321/smoke_3epoch_4shadow/shadow_models/target_x_01/IN/model_in_01,shadow_models/target_x_01/IN/model_in_01,completed,shadow smoke PersistentDataset archive,PersistentDataset,ConvNeXtTiny,True,0.5,3,1,Adam,False,1e-05,0.0001,128,10,True,0.1,False,,,,,,,,,0.5,0.4992781155015197,0.0,1.0,0.7297422885894775,0.517825311942959,0.5671976131240051,0.18716577540106952,0.8484848484848485,0.7192631165186564,0.5017825311942958,0.5406121612475812,0.0053475935828877,0.9982174688057041,0.7272928158442179,,00:00:13,00:00:40
centralized_runs/archive/2026-05-21/smoke_shadow_persistentdataset_20260521_010321/smoke_3epoch_4shadow/shadow_models/target_x_01/IN/model_in_02,shadow_models/target_x_01/IN/model_in_02,completed,shadow smoke PersistentDataset archive,PersistentDataset,ConvNeXtTiny,True,0.5,3,3,Adam,False,1e-05,0.0001,128,10,True,0.1,False,,,,,,,,,0.5355623100303951,0.5428951367781154,0.5425531914893617,0.5285714285714286,0.7137929002443949,0.5597147950089126,0.5923961222797335,0.5989304812834224,0.5204991087344029,0.7103285690148672,0.5597147950089126,0.5923961222797335,0.5989304812834224,0.5204991087344029,0.7103285690148672,,00:00:13,00:00:39
centralized_runs/archive/2026-05-21/smoke_shadow_persistentdataset_20260521_010321/smoke_3epoch_4shadow/shadow_models/target_x_01/OUT/model_out_01,shadow_models/target_x_01/OUT/model_out_01,completed,shadow smoke PersistentDataset archive,PersistentDataset,ConvNeXtTiny,True,0.5,3,1,Adam,False,1e-05,0.0001,128,10,True,0.1,False,,,,,,,,,0.5,0.5099354103343465,0.0,1.0,0.7275643944740295,0.5133689839572192,0.5615926487269677,0.0855614973262032,0.9411764705882353,0.7179585993289948,0.49910873440285203,0.5445299169740818,0.0,0.9982174688057041,0.7255119582017263,,00:00:13,00:00:38
centralized_runs/archive/2026-05-21/smoke_shadow_persistentdataset_20260521_010321/smoke_3epoch_4shadow/shadow_models/target_x_01/OUT/model_out_02,shadow_models/target_x_01/OUT/model_out_02,completed,shadow smoke PersistentDataset archive,PersistentDataset,ConvNeXtTiny,True,0.5,3,3,Adam,False,1e-05,0.0001,128,10,True,0.1,False,,,,,,,,,0.5108662613981763,0.5114741641337386,0.4574468085106383,0.5642857142857143,0.7153795758883158,0.5606060606060606,0.582048862325679,0.5561497326203209,0.5650623885918004,0.7110735177993774,0.5606060606060606,0.582048862325679,0.5561497326203209,0.5650623885918004,0.7110735177993774,,00:00:13,00:00:38
centralized_runs/archive/2026-05-21/smoke_shadow_persistentdataset_20260521_010321/smoke_3epoch_4shadow/target_model,target_model,completed,shadow smoke PersistentDataset archive,PersistentDataset,ConvNeXtTiny,True,0.5,3,3,Adam,False,1e-05,0.0001,128,10,True,0.1,False,,,,,,,,,0.6704787234042553,0.7278875379939209,0.7659574468085106,0.575,0.6566745241483053,0.7237076648841354,0.7985167815303079,0.8074866310160428,0.6399286987522281,0.6152256528536478,0.7237076648841354,0.7985167815303079,0.8074866310160428,0.6399286987522281,0.6152256528536478,,00:01:12,00:03:37
centralized_runs/archive/2026-05-24/fullbackbone_dp_targeteps_clip_sweep_20260524_002905/adam_fullbackbone_dp_targeteps10_clip300_b128_e50_seed42_20260524_002905,adam_fullbackbone_dp_targeteps10_clip300_b128_e50_seed42_20260524_002905,completed,PersistentDataset cache reused from shadow_runs/cache/convnext_256_ras_scale_v1,,,,,"[{'epoch': 1, 'train': {'loss': 0.7657528481175823, 'balanced_accuracy': 0.5005558567264556, 'specificity': 0.46924128503075874, 'sensitivity': 0.5318704284221526, 'auc': 0.49355970433350405, 'confusion_matrix': [[1373, 1553], [448, 509]]}, 'differential_privacy': {'epsilon': 1.9190613264963203, 'delta': 1e-05}, 'validation': {'loss': 0.7170156955718994, 'balanced_accuracy': 0.5234164420485176, 'specificity': 0.33254716981132076, 'sensitivity': 0.7142857142857143, 'auc': 0.5008576329331047, 'confusion_matrix': [[141, 283], [44, 110]]}, 'duration_seconds': 98.53404788201442}, {'epoch': 2, 'train': {'loss': 0.7712552989682844, 'balanced_accuracy': 0.48445882670109897, 'specificity': 0.4338112704234745, 'sensitivity': 0.5351063829787234, 'auc': 0.4808322632366817, 'confusion_matrix': [[1301, 1698], [437, 503]]}, 'differential_privacy': {'epsilon': 2.3489475037462393, 'delta': 1e-05}, 'validation': {'loss': 0.7151555061340332, 'balanced_accuracy': 0.5137068120558687, 'specificity': 0.2806603773584906, 'sensitivity': 0.7467532467532467, 'auc': 0.5052530017152659, 'confusion_matrix': [[119, 305], [39, 115]]}, 'duration_seconds': 129.0172636139905}, {'epoch': 3, 'train': {'loss': 0.7653617032112614, 'balanced_accuracy': 0.498306730996478, 'specificity': 0.41977363515312915, 'sensitivity': 0.5768398268398268, 'auc': 0.499978383799955, 'confusion_matrix': [[1261, 1743], [391, 533]]}, 'differential_privacy': {'epsilon': 2.694599859425314, 'delta': 1e-05}, 'validation': {'loss': 0.7147947192192078, 'balanced_accuracy': 0.515774320019603, 'specificity': 0.2783018867924528, 'sensitivity': 0.7532467532467533, 'auc': 0.5066007106101444, 'confusion_matrix': [[118, 306], [38, 116]]}, 'duration_seconds': 102.86467640899355}, {'epoch': 4, 'train': {'loss': 0.7667739891236828, 'balanced_accuracy': 0.49096721845217095, 'specificity': 0.43230016313213704, 'sensitivity': 0.5496342737722049, 'auc': 0.4898904099781638, 'confusion_matrix': [[1325, 1740], [431, 526]]}, 'differential_privacy': {'epsilon': 2.996754947398304, 'delta': 1e-05}, 'validation': {'loss': 0.7139266848564148, 'balanced_accuracy': 0.5228497917177163, 'specificity': 0.29245283018867924, 'sensitivity': 0.7532467532467533, 'auc': 0.513094217103651, 'confusion_matrix': [[124, 300], [38, 116]]}, 'duration_seconds': 119.49142550499528}, {'epoch': 5, 'train': {'loss': 0.7570265916086012, 'balanced_accuracy': 0.508928499330881, 'specificity': 0.42577991086732947, 'sensitivity': 0.5920770877944326, 'auc': 0.5087352513031854, 'confusion_matrix': [[1242, 1675], [381, 553]]}, 'differential_privacy': {'epsilon': 3.270512926503747, 'delta': 1e-05}, 'validation': {'loss': 0.7127689123153687, 'balanced_accuracy': 0.5140131095319775, 'specificity': 0.2617924528301887, 'sensitivity': 0.7662337662337663, 'auc': 0.517167973535898, 'confusion_matrix': [[111, 313], [36, 118]]}, 'duration_seconds': 99.01029889000347}, {'epoch': 6, 'train': {'loss': 0.7634838127320812, 'balanced_accuracy': 0.50868174749651, 'specificity': 0.42485248177716073, 'sensitivity': 0.5925110132158591, 'auc': 0.4990506309758451, 'confusion_matrix': [[1224, 1657], [370, 538]]}, 'differential_privacy': {'epsilon': 3.523658792562246, 'delta': 1e-05}, 'validation': {'loss': 0.7117377161979676, 'balanced_accuracy': 0.5098934084783142, 'specificity': 0.24056603773584906, 'sensitivity': 0.7792207792207793, 'auc': 0.5210732663562853, 'confusion_matrix': [[102, 322], [34, 120]]}, 'duration_seconds': 97.11469245402259}, {'epoch': 7, 'train': {'loss': 0.7622052661834224, 'balanced_accuracy': 0.498830430846927, 'specificity': 0.41848976711362035, 'sensitivity': 0.5791710945802337, 'auc': 0.4907495667081897, 'confusion_matrix': [[1186, 1648], [396, 545]]}, 'differential_privacy': {'epsilon': 3.7608917681913105, 'delta': 1e-05}, 'validation': {'loss': 0.7109048128128052, 'balanced_accuracy': 0.5075349179122765, 'specificity': 0.2358490566037736, 'sensitivity': 0.7792207792207793, 'auc': 0.5257749326145553, 'confusion_matrix': [[100, 324], [34, 120]]}, 'duration_seconds': 98.63896593899699}, {'epoch': 8, 'train': {'loss': 0.763872540766193, 'balanced_accuracy': 0.49565925092043217, 'specificity': 0.4226698531922158, 'sensitivity': 0.5686486486486486, 'auc': 0.483151707528628, 'confusion_matrix': [[1238, 1691], [399, 526]]}, 'differential_privacy': {'epsilon': 3.9853277502146733, 'delta': 1e-05}, 'validation': {'loss': 0.7100299596786499, 'balanced_accuracy': 0.5113636363636364, 'specificity': 0.25, 'sensitivity': 0.7727272727272727, 'auc': 0.5320234011271747, 'confusion_matrix': [[106, 318], [35, 119]]}, 'duration_seconds': 96.19335499798763}, {'epoch': 9, 'train': {'loss': 0.7649910699936652, 'balanced_accuracy': 0.49369312176881575, 'specificity': 0.4094435075885329, 'sensitivity': 0.5779427359490986, 'auc': 0.4898563838633474, 'confusion_matrix': [[1214, 1751], [398, 545]]}, 'differential_privacy': {'epsilon': 4.199166950749958, 'delta': 1e-05}, 'validation': {'loss': 0.7099287271499634, 'balanced_accuracy': 0.5187454055378584, 'specificity': 0.24528301886792453, 'sensitivity': 0.7922077922077922, 'auc': 0.5298946336682187, 'confusion_matrix': [[104, 320], [32, 122]]}, 'duration_seconds': 104.57974835200002}, {'epoch': 10, 'train': {'loss': 0.7616564035415649, 'balanced_accuracy': 0.5000386929594904, 'specificity': 0.4123780692902792, 'sensitivity': 0.5876993166287016, 'auc': 0.5035043945241418, 'confusion_matrix': [[1226, 1747], [362, 516]]}, 'differential_privacy': {'epsilon': 4.404035290692566, 'delta': 1e-05}, 'validation': {'loss': 0.7096400141716004, 'balanced_accuracy': 0.522283141386915, 'specificity': 0.25235849056603776, 'sensitivity': 0.7922077922077922, 'auc': 0.5322531242342563, 'confusion_matrix': [[107, 317], [32, 122]]}, 'duration_seconds': 109.87073308698018}, {'epoch': 11, 'train': {'loss': 0.7634018755728199, 'balanced_accuracy': 0.48651207975086935, 'specificity': 0.3976230899830221, 'sensitivity': 0.5754010695187166, 'auc': 0.4843392680424539, 'confusion_matrix': [[1171, 1774], [397, 538]]}, 'differential_privacy': {'epsilon': 4.60117645331868, 'delta': 1e-05}, 'validation': {'loss': 0.709648334980011, 'balanced_accuracy': 0.5128338642489586, 'specificity': 0.25943396226415094, 'sensitivity': 0.7662337662337663, 'auc': 0.5330648125459446, 'confusion_matrix': [[110, 314], [36, 118]]}, 'duration_seconds': 109.86831701200572}, {'epoch': 12, 'train': {'loss': 0.7717282925882647, 'balanced_accuracy': 0.47201792403337534, 'specificity': 0.409382382720216, 'sensitivity': 0.5346534653465347, 'auc': 0.47274675155669466, 'confusion_matrix': [[1213, 1750], [423, 486]]}, 'differential_privacy': {'epsilon': 4.791567983466762, 'delta': 1e-05}, 'validation': {'loss': 0.7092225790023804, 'balanced_accuracy': 0.5243353344768439, 'specificity': 0.2759433962264151, 'sensitivity': 0.7727272727272727, 'auc': 0.537153883851997, 'confusion_matrix': [[117, 307], [35, 119]]}, 'duration_seconds': 102.38282878499012}, {'epoch': 13, 'train': {'loss': 0.7598196998719247, 'balanced_accuracy': 0.4919323407609302, 'specificity': 0.42695860417379405, 'sensitivity': 0.5569060773480663, 'auc': 0.49273753787356134, 'confusion_matrix': [[1248, 1675], [401, 504]]}, 'differential_privacy': {'epsilon': 4.975995343216998, 'delta': 1e-05}, 'validation': {'loss': 0.7090004444122314, 'balanced_accuracy': 0.5317017887772605, 'specificity': 0.2971698113207547, 'sensitivity': 0.7662337662337663, 'auc': 0.5391448174467042, 'confusion_matrix': [[126, 298], [36, 118]]}, 'duration_seconds': 97.50756709100096}, {'epoch': 14, 'train': {'loss': 0.7689817951571557, 'balanced_accuracy': 0.4809291110238807, 'specificity': 0.41302101274543573, 'sensitivity': 0.5488372093023256, 'auc': 0.47773854633138135, 'confusion_matrix': [[1199, 1704], [388, 472]]}, 'differential_privacy': {'epsilon': 5.155101290084758, 'delta': 1e-05}, 'validation': {'loss': 0.7078790068626404, 'balanced_accuracy': 0.5252389120313649, 'specificity': 0.24528301886792453, 'sensitivity': 0.8051948051948052, 'auc': 0.5397114677775054, 'confusion_matrix': [[104, 320], [30, 124]]}, 'duration_seconds': 97.84436963300686}, {'epoch': 15, 'train': {'loss': 0.7550192859865004, 'balanced_accuracy': 0.5001783475920744, 'specificity': 0.3844552394170715, 'sensitivity': 0.6159014557670772, 'auc': 0.5077890105244507, 'confusion_matrix': [[1108, 1774], [343, 550]]}, 'differential_privacy': {'epsilon': 5.329419913186399, 'delta': 1e-05}, 'validation': {'loss': 0.7069629788398742, 'balanced_accuracy': 0.5202156334231806, 'specificity': 0.25471698113207547, 'sensitivity': 0.7857142857142857, 'auc': 0.5463810953197745, 'confusion_matrix': [[108, 316], [33, 121]]}, 'duration_seconds': 103.59107611098443}, {'epoch': 16, 'train': {'loss': 0.7529765021416449, 'balanced_accuracy': 0.5100239984451711, 'specificity': 0.42334017796030116, 'sensitivity': 0.5967078189300411, 'auc': 0.5074037456728155, 'confusion_matrix': [[1237, 1685], [392, 580]]}, 'differential_privacy': {'epsilon': 5.499400883195463, 'delta': 1e-05}, 'validation': {'loss': 0.7066123008728027, 'balanced_accuracy': 0.5284856652781181, 'specificity': 0.24528301886792453, 'sensitivity': 0.8116883116883117, 'auc': 0.5467563097280078, 'confusion_matrix': [[104, 320], [29, 125]]}, 'duration_seconds': 116.1643492289877}, {'epoch': 17, 'train': {'loss': 0.7579495599192958, 'balanced_accuracy': 0.5008328631112176, 'specificity': 0.399734395750332, 'sensitivity': 0.601931330472103, 'auc': 0.4939617424436731, 'confusion_matrix': [[1204, 1808], [371, 561]]}, 'differential_privacy': {'epsilon': 5.6654271362419575, 'delta': 1e-05}, 'validation': {'loss': 0.7070494651794433, 'balanced_accuracy': 0.5284703504043127, 'specificity': 0.27122641509433965, 'sensitivity': 0.7857142857142857, 'auc': 0.5458833619210978, 'confusion_matrix': [[115, 309], [33, 121]]}, 'duration_seconds': 113.71956347898231}, {'epoch': 18, 'train': {'loss': 0.760757319388851, 'balanced_accuracy': 0.4984746796827334, 'specificity': 0.40604026845637586, 'sensitivity': 0.5909090909090909, 'auc': 0.49747392074286817, 'confusion_matrix': [[1210, 1770], [369, 533]]}, 'differential_privacy': {'epsilon': 5.827827996811043, 'delta': 1e-05}, 'validation': {'loss': 0.7059404253959656, 'balanced_accuracy': 0.5379196275422691, 'specificity': 0.2641509433962264, 'sensitivity': 0.8116883116883117, 'auc': 0.5521777750551335, 'confusion_matrix': [[112, 312], [29, 125]]}, 'duration_seconds': 113.12507919198833}, {'epoch': 19, 'train': {'loss': 0.7519426864962424, 'balanced_accuracy': 0.501006485989601, 'specificity': 0.4095434260212839, 'sensitivity': 0.592469545957918, 'auc': 0.5100665706370685, 'confusion_matrix': [[1193, 1720], [368, 535]]}, 'differential_privacy': {'epsilon': 5.986889216535801, 'delta': 1e-05}, 'validation': {'loss': 0.7054128170013427, 'balanced_accuracy': 0.5370313648615536, 'specificity': 0.2688679245283019, 'sensitivity': 0.8051948051948052, 'auc': 0.559467654986523, 'confusion_matrix': [[114, 310], [30, 124]]}, 'duration_seconds': 98.07504296299885}, {'epoch': 20, 'train': {'loss': 0.7547548086412491, 'balanced_accuracy': 0.5018083722415685, 'specificity': 0.4210176255404057, 'sensitivity': 0.5825991189427313, 'auc': 0.5039264110614147, 'confusion_matrix': [[1266, 1741], [379, 529]]}, 'differential_privacy': {'epsilon': 6.142860633696736, 'delta': 1e-05}, 'validation': {'loss': 0.7047473311424255, 'balanced_accuracy': 0.5426366086743445, 'specificity': 0.27358490566037735, 'sensitivity': 0.8116883116883117, 'auc': 0.5653485665278117, 'confusion_matrix': [[116, 308], [29, 125]]}, 'duration_seconds': 115.24741068200092}, {'epoch': 21, 'train': {'loss': 0.7510974099559169, 'balanced_accuracy': 0.5184835688113312, 'specificity': 0.43762575452716296, 'sensitivity': 0.5993413830954994, 'auc': 0.5150274129224671, 'confusion_matrix': [[1305, 1677], [365, 546]]}, 'differential_privacy': {'epsilon': 6.2959622432593, 'delta': 1e-05}, 'validation': {'loss': 0.7047464847564697, 'balanced_accuracy': 0.5278577554520951, 'specificity': 0.3089622641509434, 'sensitivity': 0.7467532467532467, 'auc': 0.5695907865719186, 'confusion_matrix': [[131, 293], [39, 115]]}, 'duration_seconds': 113.26578369099298}, {'epoch': 22, 'train': {'loss': 0.7493543336468358, 'balanced_accuracy': 0.5144193523829995, 'specificity': 0.4314789687924016, 'sensitivity': 0.5973597359735974, 'auc': 0.5250985919487471, 'confusion_matrix': [[1272, 1676], [366, 543]]}, 'differential_privacy': {'epsilon': 6.446388962985033, 'delta': 1e-05}, 'validation': {'loss': 0.7046574950218201, 'balanced_accuracy': 0.5284550355305072, 'specificity': 0.2971698113207547, 'sensitivity': 0.7597402597402597, 'auc': 0.5689475618720902, 'confusion_matrix': [[126, 298], [37, 117]]}, 'duration_seconds': 122.62486656199326}, {'epoch': 23, 'train': {'loss': 0.7574957128494016, 'balanced_accuracy': 0.4875106579399352, 'specificity': 0.41745923913043476, 'sensitivity': 0.5575620767494357, 'auc': 0.4950674440573167, 'confusion_matrix': [[1229, 1715], [392, 494]]}, 'differential_privacy': {'epsilon': 6.5943144917232255, 'delta': 1e-05}, 'validation': {'loss': 0.7041723608970643, 'balanced_accuracy': 0.5384862778730704, 'specificity': 0.30424528301886794, 'sensitivity': 0.7727272727272727, 'auc': 0.5716889242832639, 'confusion_matrix': [[129, 295], [35, 119]]}, 'duration_seconds': 104.20212335299584}, {'epoch': 24, 'train': {'loss': 0.7518412682317919, 'balanced_accuracy': 0.514237525252738, 'specificity': 0.4248998664886515, 'sensitivity': 0.6035751840168244, 'auc': 0.5153013341307513, 'confusion_matrix': [[1273, 1723], [377, 574]]}, 'differential_privacy': {'epsilon': 6.739894397994876, 'delta': 1e-05}, 'validation': {'loss': 0.7030476808547974, 'balanced_accuracy': 0.5284703504043127, 'specificity': 0.27122641509433965, 'sensitivity': 0.7857142857142857, 'auc': 0.5766968880176427, 'confusion_matrix': [[115, 309], [33, 121]]}, 'duration_seconds': 118.24793328298256}, {'epoch': 25, 'train': {'loss': 0.7591599437498278, 'balanced_accuracy': 0.49992494209291694, 'specificity': 0.4139803189684425, 'sensitivity': 0.5858695652173913, 'auc': 0.4941322051902451, 'confusion_matrix': [[1220, 1727], [381, 539]]}, 'differential_privacy': {'epsilon': 6.8832686826095975, 'delta': 1e-05}, 'validation': {'loss': 0.7026779055595398, 'balanced_accuracy': 0.5370313648615536, 'specificity': 0.2688679245283019, 'sensitivity': 0.8051948051948052, 'auc': 0.5768500367556971, 'confusion_matrix': [[114, 310], [30, 124]]}, 'duration_seconds': 115.95305817201734}, {'epoch': 26, 'train': {'loss': 0.7388933608608861, 'balanced_accuracy': 0.5273713845354372, 'specificity': 0.43800268096514744, 'sensitivity': 0.6167400881057269, 'auc': 0.539490350887553, 'confusion_matrix': [[1307, 1677], [348, 560]]}, 'differential_privacy': {'epsilon': 7.024563889277091, 'delta': 1e-05}, 'validation': {'loss': 0.702485716342926, 'balanced_accuracy': 0.5411510659152169, 'specificity': 0.29009433962264153, 'sensitivity': 0.7922077922077922, 'auc': 0.5814291840235236, 'confusion_matrix': [[123, 301], [32, 122]]}, 'duration_seconds': 102.16307301001507}, {'epoch': 27, 'train': {'loss': 0.7604154790601423, 'balanced_accuracy': 0.48864254871366886, 'specificity': 0.41935483870967744, 'sensitivity': 0.5579302587176603, 'auc': 0.49043065243715167, 'confusion_matrix': [[1261, 1746], [393, 496]]}, 'differential_privacy': {'epsilon': 7.163894848608032, 'delta': 1e-05}, 'validation': {'loss': 0.7021940350532532, 'balanced_accuracy': 0.5393592256799804, 'specificity': 0.32547169811320753, 'sensitivity': 0.7532467532467533, 'auc': 0.5867893898554275, 'confusion_matrix': [[138, 286], [38, 116]]}, 'duration_seconds': 103.08305808299338}, {'epoch': 28, 'train': {'loss': 0.7489195831360356, 'balanced_accuracy': 0.5193390668633509, 'specificity': 0.44414261460101867, 'sensitivity': 0.594535519125683, 'auc': 0.5215458264911353, 'confusion_matrix': [[1308, 1637], [371, 544]]}, 'differential_privacy': {'epsilon': 7.301366128045753, 'delta': 1e-05}, 'validation': {'loss': 0.7016736388206481, 'balanced_accuracy': 0.5387466307277629, 'specificity': 0.3632075471698113, 'sensitivity': 0.7142857142857143, 'auc': 0.5916595197255574, 'confusion_matrix': [[154, 270], [44, 110]]}, 'duration_seconds': 113.55560746300034}, {'epoch': 29, 'train': {'loss': 0.7531257598630844, 'balanced_accuracy': 0.49679835662258376, 'specificity': 0.43876500857632933, 'sensitivity': 0.5548317046688382, 'auc': 0.5025868667623937, 'confusion_matrix': [[1279, 1636], [410, 511]]}, 'differential_privacy': {'epsilon': 7.43707331758971, 'delta': 1e-05}, 'validation': {'loss': 0.7007240176200866, 'balanced_accuracy': 0.5387466307277629, 'specificity': 0.3632075471698113, 'sensitivity': 0.7142857142857143, 'auc': 0.6000367556971331, 'confusion_matrix': [[154, 270], [44, 110]]}, 'duration_seconds': 97.94793664600002}, {'epoch': 30, 'train': {'loss': 0.744613435960585, 'balanced_accuracy': 0.5239044340809831, 'specificity': 0.45336442371752167, 'sensitivity': 0.5944444444444444, 'auc': 0.5326119623954401, 'confusion_matrix': [[1361, 1641], [365, 535]]}, 'differential_privacy': {'epsilon': 7.571104024446338, 'delta': 1e-05}, 'validation': {'loss': 0.6989153861999512, 'balanced_accuracy': 0.5331413869149718, 'specificity': 0.3584905660377358, 'sensitivity': 0.7077922077922078, 'auc': 0.6090725312423426, 'confusion_matrix': [[152, 272], [45, 109]]}, 'duration_seconds': 117.17570271901786}, {'epoch': 31, 'train': {'loss': 0.749692597696858, 'balanced_accuracy': 0.5071605956447284, 'specificity': 0.439404432132964, 'sensitivity': 0.5749167591564928, 'auc': 0.5153507490907303, 'confusion_matrix': [[1269, 1619], [383, 518]]}, 'differential_privacy': {'epsilon': 7.703538823887762, 'delta': 1e-05}, 'validation': {'loss': 0.6979937434196473, 'balanced_accuracy': 0.5487778730703259, 'specificity': 0.37028301886792453, 'sensitivity': 0.7272727272727273, 'auc': 0.6152597402597403, 'confusion_matrix': [[157, 267], [42, 112]]}, 'duration_seconds': 99.18646961299237}, {'epoch': 32, 'train': {'loss': 0.7502996536993212, 'balanced_accuracy': 0.512525447469463, 'specificity': 0.4588903743315508, 'sensitivity': 0.5661605206073753, 'auc': 0.5198414136903036, 'confusion_matrix': [[1373, 1619], [400, 522]]}, 'differential_privacy': {'epsilon': 7.8344519994558794, 'delta': 1e-05}, 'validation': {'loss': 0.6964135885238647, 'balanced_accuracy': 0.5552713795638324, 'specificity': 0.37028301886792453, 'sensitivity': 0.7402597402597403, 'auc': 0.6216766723842195, 'confusion_matrix': [[157, 267], [40, 114]]}, 'duration_seconds': 116.05715652901563}, {'epoch': 33, 'train': {'loss': 0.7436623669439747, 'balanced_accuracy': 0.5245744740219879, 'specificity': 0.4414141414141414, 'sensitivity': 0.6077348066298343, 'auc': 0.5356093159960564, 'confusion_matrix': [[1311, 1659], [355, 550]]}, 'differential_privacy': {'epsilon': 7.963912216802745, 'delta': 1e-05}, 'validation': {'loss': 0.6950367093086243, 'balanced_accuracy': 0.5711988483214898, 'specificity': 0.3891509433962264, 'sensitivity': 0.7532467532467533, 'auc': 0.6288134035775546, 'confusion_matrix': [[165, 259], [38, 116]]}, 'duration_seconds': 121.35190247799619}, {'epoch': 34, 'train': {'loss': 0.7401406418892645, 'balanced_accuracy': 0.5262016190612547, 'specificity': 0.43886612021857924, 'sensitivity': 0.6135371179039302, 'auc': 0.5372633151979382, 'confusion_matrix': [[1285, 1643], [354, 562]]}, 'differential_privacy': {'epsilon': 8.091983103730952, 'delta': 1e-05}, 'validation': {'loss': 0.694969916343689, 'balanced_accuracy': 0.5647206567017888, 'specificity': 0.3632075471698113, 'sensitivity': 0.7662337662337663, 'auc': 0.6268684146042637, 'confusion_matrix': [[154, 270], [36, 118]]}, 'duration_seconds': 108.07972959699691}, {'epoch': 35, 'train': {'loss': 0.739718654463368, 'balanced_accuracy': 0.5118176222325651, 'specificity': 0.4160532772520154, 'sensitivity': 0.6075819672131147, 'auc': 0.5253655197577471, 'confusion_matrix': [[1187, 1666], [383, 593]]}, 'differential_privacy': {'epsilon': 8.21872378016142, 'delta': 1e-05}, 'validation': {'loss': 0.6935529470443725, 'balanced_accuracy': 0.5762374418034795, 'specificity': 0.35377358490566035, 'sensitivity': 0.7987012987012987, 'auc': 0.6311259495221759, 'confusion_matrix': [[150, 274], [31, 123]]}, 'duration_seconds': 94.49668723499053}, {'epoch': 36, 'train': {'loss': 0.7425663586585752, 'balanced_accuracy': 0.5326873743353564, 'specificity': 0.42911348740945154, 'sensitivity': 0.6362612612612613, 'auc': 0.5450741790427889, 'confusion_matrix': [[1244, 1655], [323, 565]]}, 'differential_privacy': {'epsilon': 8.344189231741554, 'delta': 1e-05}, 'validation': {'loss': 0.6918751001358032, 'balanced_accuracy': 0.5930531732418525, 'specificity': 0.36792452830188677, 'sensitivity': 0.8181818181818182, 'auc': 0.6398247978436657, 'confusion_matrix': [[156, 268], [28, 126]]}, 'duration_seconds': 106.17285567999352}, {'epoch': 37, 'train': {'loss': 0.748061966511511, 'balanced_accuracy': 0.5110766574676535, 'specificity': 0.4259388038942976, 'sensitivity': 0.5962145110410094, 'auc': 0.5122954535815458, 'confusion_matrix': [[1225, 1651], [384, 567]]}, 'differential_privacy': {'epsilon': 8.468430774115571, 'delta': 1e-05}, 'validation': {'loss': 0.6918465375900269, 'balanced_accuracy': 0.592164910561137, 'specificity': 0.37264150943396224, 'sensitivity': 0.8116883116883117, 'auc': 0.6410653026219064, 'confusion_matrix': [[158, 266], [29, 125]]}, 'duration_seconds': 98.574855785002}, {'epoch': 38, 'train': {'loss': 0.729121208190918, 'balanced_accuracy': 0.5377256349467161, 'specificity': 0.43889664804469275, 'sensitivity': 0.6365546218487395, 'auc': 0.5587193676353222, 'confusion_matrix': [[1257, 1607], [346, 606]]}, 'differential_privacy': {'epsilon': 8.591496334439475, 'delta': 1e-05}, 'validation': {'loss': 0.6919180750846863, 'balanced_accuracy': 0.592164910561137, 'specificity': 0.37264150943396224, 'sensitivity': 0.8116883116883117, 'auc': 0.639763538348444, 'confusion_matrix': [[158, 266], [29, 125]]}, 'duration_seconds': 99.88786896297825}, {'epoch': 39, 'train': {'loss': 0.739810993594508, 'balanced_accuracy': 0.5239829862977539, 'specificity': 0.4179767600820232, 'sensitivity': 0.6299892125134844, 'auc': 0.5373112097690533, 'confusion_matrix': [[1223, 1703], [343, 584]]}, 'differential_privacy': {'epsilon': 8.713430793229778, 'delta': 1e-05}, 'validation': {'loss': 0.6917993187904358, 'balanced_accuracy': 0.5859623866699338, 'specificity': 0.37971698113207547, 'sensitivity': 0.7922077922077922, 'auc': 0.6418463611859839, 'confusion_matrix': [[161, 263], [32, 122]]}, 'duration_seconds': 112.99387343399576}, {'epoch': 40, 'train': {'loss': 0.7375661326992896, 'balanced_accuracy': 0.5384686402874358, 'specificity': 0.4298157453936348, 'sensitivity': 0.6471215351812367, 'auc': 0.5470649266231656, 'confusion_matrix': [[1283, 1702], [331, 607]]}, 'differential_privacy': {'epsilon': 8.834276231582542, 'delta': 1e-05}, 'validation': {'loss': 0.6915030717849732, 'balanced_accuracy': 0.5903883851997059, 'specificity': 0.38207547169811323, 'sensitivity': 0.7987012987012987, 'auc': 0.6427193089928939, 'confusion_matrix': [[162, 262], [31, 123]]}, 'duration_seconds': 109.79681667598197}, {'epoch': 41, 'train': {'loss': 0.7359046166942965, 'balanced_accuracy': 0.5317945353060859, 'specificity': 0.45011756802149816, 'sensitivity': 0.6134715025906736, 'auc': 0.5443634357361533, 'confusion_matrix': [[1340, 1637], [373, 592]]}, 'differential_privacy': {'epsilon': 8.95407217785968, 'delta': 1e-05}, 'validation': {'loss': 0.6915676712989807, 'balanced_accuracy': 0.5720871110022053, 'specificity': 0.38443396226415094, 'sensitivity': 0.7597402597402597, 'auc': 0.6429490320999756, 'confusion_matrix': [[163, 261], [37, 117]]}, 'duration_seconds': 113.95374204099062}, {'epoch': 42, 'train': {'loss': 0.7327954788361827, 'balanced_accuracy': 0.5407778103327665, 'specificity': 0.44538098449089686, 'sensitivity': 0.6361746361746362, 'auc': 0.5527238361864121, 'confusion_matrix': [[1321, 1645], [350, 612]]}, 'differential_privacy': {'epsilon': 9.072855790122619, 'delta': 1e-05}, 'validation': {'loss': 0.6911333560943603, 'balanced_accuracy': 0.5726690762068121, 'specificity': 0.39858490566037735, 'sensitivity': 0.7467532467532467, 'auc': 0.6457210242587602, 'confusion_matrix': [[169, 255], [39, 115]]}, 'duration_seconds': 114.15545360199758}, {'epoch': 43, 'train': {'loss': 0.7381225362900765, 'balanced_accuracy': 0.523401968721815, 'specificity': 0.44202652159129546, 'sensitivity': 0.6047774158523345, 'auc': 0.5410250673672342, 'confusion_matrix': [[1300, 1641], [364, 557]]}, 'differential_privacy': {'epsilon': 9.19066210405897, 'delta': 1e-05}, 'validation': {'loss': 0.6909685850143432, 'balanced_accuracy': 0.5720871110022053, 'specificity': 0.38443396226415094, 'sensitivity': 0.7597402597402597, 'auc': 0.6466552315608919, 'confusion_matrix': [[163, 261], [37, 117]]}, 'duration_seconds': 123.21755554599804}, {'epoch': 44, 'train': {'loss': 0.7346171198352691, 'balanced_accuracy': 0.5393888523640662, 'specificity': 0.44870086608927384, 'sensitivity': 0.6300768386388584, 'auc': 0.559868247366739, 'confusion_matrix': [[1347, 1655], [337, 574]]}, 'differential_privacy': {'epsilon': 9.307524183973923, 'delta': 1e-05}, 'validation': {'loss': 0.6903473258018493, 'balanced_accuracy': 0.5821183533447685, 'specificity': 0.3915094339622642, 'sensitivity': 0.7727272727272727, 'auc': 0.6495344278363147, 'confusion_matrix': [[166, 258], [35, 119]]}, 'duration_seconds': 102.3529568699887}, {'epoch': 45, 'train': {'loss': 0.7345034518549519, 'balanced_accuracy': 0.5463032612287078, 'specificity': 0.4395452979676197, 'sensitivity': 0.6530612244897959, 'auc': 0.5515021498927182, 'confusion_matrix': [[1276, 1627], [323, 608]]}, 'differential_privacy': {'epsilon': 9.4234732204395, 'delta': 1e-05}, 'validation': {'loss': 0.6903550148010253, 'balanced_accuracy': 0.5759158294535653, 'specificity': 0.39858490566037735, 'sensitivity': 0.7532467532467533, 'auc': 0.6507289879931389, 'confusion_matrix': [[169, 255], [38, 116]]}, 'duration_seconds': 109.6703906749899}, {'epoch': 46, 'train': {'loss': 0.7275049359567703, 'balanced_accuracy': 0.557459332016422, 'specificity': 0.4489727180868979, 'sensitivity': 0.6659459459459459, 'auc': 0.5752574804511483, 'confusion_matrix': [[1333, 1636], [309, 616]]}, 'differential_privacy': {'epsilon': 9.538538739584904, 'delta': 1e-05}, 'validation': {'loss': 0.6902640104293823, 'balanced_accuracy': 0.5632351139426611, 'specificity': 0.37971698113207547, 'sensitivity': 0.7467532467532467, 'auc': 0.6506217838765009, 'confusion_matrix': [[161, 263], [39, 115]]}, 'duration_seconds': 108.78923753200797}, {'epoch': 47, 'train': {'loss': 0.7332931314745257, 'balanced_accuracy': 0.5396353243895768, 'specificity': 0.43341488989863686, 'sensitivity': 0.6458557588805167, 'auc': 0.5515422317653729, 'confusion_matrix': [[1240, 1621], [329, 600]]}, 'differential_privacy': {'epsilon': 9.652748719735165, 'delta': 1e-05}, 'validation': {'loss': 0.6900858759880066, 'balanced_accuracy': 0.580050845381034, 'specificity': 0.3938679245283019, 'sensitivity': 0.7662337662337663, 'auc': 0.6524595687331536, 'confusion_matrix': [[167, 257], [36, 118]]}, 'duration_seconds': 99.11795975099085}, {'epoch': 48, 'train': {'loss': 0.7318609356880188, 'balanced_accuracy': 0.5284992784992785, 'specificity': 0.4444444444444444, 'sensitivity': 0.6125541125541125, 'auc': 0.5560542398777693, 'confusion_matrix': [[1292, 1615], [358, 566]]}, 'differential_privacy': {'epsilon': 9.766129659241653, 'delta': 1e-05}, 'validation': {'loss': 0.6899780631065369, 'balanced_accuracy': 0.573572653761333, 'specificity': 0.36792452830188677, 'sensitivity': 0.7792207792207793, 'auc': 0.6512343788287185, 'confusion_matrix': [[156, 268], [34, 120]]}, 'duration_seconds': 103.70457439200254}, {'epoch': 49, 'train': {'loss': 0.7284382600938121, 'balanced_accuracy': 0.5334361520926725, 'specificity': 0.43069139966273184, 'sensitivity': 0.6361809045226131, 'auc': 0.558591608972349, 'confusion_matrix': [[1277, 1688], [362, 633]]}, 'differential_privacy': {'epsilon': 9.878706730903145, 'delta': 1e-05}, 'validation': {'loss': 0.6898871302604676, 'balanced_accuracy': 0.5712141631952953, 'specificity': 0.3632075471698113, 'sensitivity': 0.7792207792207793, 'auc': 0.6492587601078168, 'confusion_matrix': [[154, 270], [34, 120]]}, 'duration_seconds': 119.15383260100498}, {'epoch': 50, 'train': {'loss': 0.7290852627446575, 'balanced_accuracy': 0.5511774446845894, 'specificity': 0.4349315068493151, 'sensitivity': 0.6674233825198638, 'auc': 0.5695123847433645, 'confusion_matrix': [[1270, 1650], [293, 588]]}, 'differential_privacy': {'epsilon': 9.99050383766101, 'delta': 1e-05}, 'validation': {'loss': 0.6903689622879028, 'balanced_accuracy': 0.5706015682430777, 'specificity': 0.4009433962264151, 'sensitivity': 0.7402597402597403, 'auc': 0.6524595687331537, 'confusion_matrix': [[170, 254], [40, 114]]}, 'duration_seconds': 93.47687217901694}]",36,Adam,false,,,,,,,true,target_epsilon,0.9210205078125,10.0,1e-05,300.0,true,flat,hooks,0.5930531732418525,0.6398247978436657,0.8181818181818182,0.36792452830188677,0.6918751001358032,0.5761939282105355,0.6211026170496317,0.7716049382716049,0.3807829181494662,0.6858854293823242,0.5679012345679012,0.600098121055021,0.8024691358024691,0.3333333333333333,0.6919321537017822,9.99050383766101,00:01:48,01:29:50
centralized_runs/archive/2026-05-24/fullbackbone_dp_targeteps_clip_sweep_20260524_002905/adam_fullbackbone_dp_targeteps10_clip350_b128_e50_seed42_20260524_002905,adam_fullbackbone_dp_targeteps10_clip350_b128_e50_seed42_20260524_002905,completed,PersistentDataset cache reused from shadow_runs/cache/convnext_256_ras_scale_v1,,,,,"[{'epoch': 1, 'train': {'loss': 0.7658358658513715, 'balanced_accuracy': 0.5005460359362356, 'specificity': 0.47026657552973344, 'sensitivity': 0.5308254963427377, 'auc': 0.49352256389049, 'confusion_matrix': [[1376, 1550], [449, 508]]}, 'differential_privacy': {'epsilon': 1.9190613264963203, 'delta': 1e-05}, 'validation': {'loss': 0.717178213596344, 'balanced_accuracy': 0.516922935555011, 'specificity': 0.33254716981132076, 'sensitivity': 0.7012987012987013, 'auc': 0.5008270031854938, 'confusion_matrix': [[141, 283], [46, 108]]}, 'duration_seconds': 97.72531110100681}, {'epoch': 2, 'train': {'loss': 0.771440613654352, 'balanced_accuracy': 0.4853956638028279, 'specificity': 0.43781260420140045, 'sensitivity': 0.5329787234042553, 'auc': 0.4807428717373876, 'confusion_matrix': [[1313, 1686], [439, 501]]}, 'differential_privacy': {'epsilon': 2.3489475037462393, 'delta': 1e-05}, 'validation': {'loss': 0.7154464602470398, 'balanced_accuracy': 0.5163562852242097, 'specificity': 0.29245283018867924, 'sensitivity': 0.7402597402597403, 'auc': 0.5047322960058809, 'confusion_matrix': [[124, 300], [40, 114]]}, 'duration_seconds': 122.79424736701185}, {'epoch': 3, 'train': {'loss': 0.7655796158698297, 'balanced_accuracy': 0.5000958318201993, 'specificity': 0.4244340878828229, 'sensitivity': 0.5757575757575758, 'auc': 0.4997404254644601, 'confusion_matrix': [[1275, 1729], [392, 532]]}, 'differential_privacy': {'epsilon': 2.694599859425314, 'delta': 1e-05}, 'validation': {'loss': 0.715037202835083, 'balanced_accuracy': 0.5137068120558687, 'specificity': 0.2806603773584906, 'sensitivity': 0.7467532467532467, 'auc': 0.5060034305317324, 'confusion_matrix': [[119, 305], [39, 115]]}, 'duration_seconds': 102.15723037501448}, {'epoch': 4, 'train': {'loss': 0.767166422259423, 'balanced_accuracy': 0.4910642113319731, 'specificity': 0.434584013050571, 'sensitivity': 0.5475444096133751, 'auc': 0.4895678958681715, 'confusion_matrix': [[1332, 1733], [433, 524]]}, 'differential_privacy': {'epsilon': 2.996754947398304, 'delta': 1e-05}, 'validation': {'loss': 0.7142378926277161, 'balanced_accuracy': 0.5231407743200196, 'specificity': 0.29952830188679247, 'sensitivity': 0.7467532467532467, 'auc': 0.5120681205586867, 'confusion_matrix': [[127, 297], [39, 115]]}, 'duration_seconds': 118.09766515897354}, {'epoch': 5, 'train': {'loss': 0.757498764222668, 'balanced_accuracy': 0.5100861522831163, 'specificity': 0.4302365443949263, 'sensitivity': 0.5899357601713062, 'auc': 0.5082753466902651, 'confusion_matrix': [[1255, 1662], [383, 551]]}, 'differential_privacy': {'epsilon': 3.270512926503747, 'delta': 1e-05}, 'validation': {'loss': 0.7131267786026001, 'balanced_accuracy': 0.5143040921342807, 'specificity': 0.2688679245283019, 'sensitivity': 0.7597402597402597, 'auc': 0.515529282038716, 'confusion_matrix': [[114, 310], [37, 117]]}, 'duration_seconds': 98.10845382401021}, {'epoch': 6, 'train': {'loss': 0.7640450116126768, 'balanced_accuracy': 0.5082446210704494, 'specificity': 0.42728219368274906, 'sensitivity': 0.5892070484581498, 'auc': 0.49846250766452543, 'confusion_matrix': [[1231, 1650], [373, 535]]}, 'differential_privacy': {'epsilon': 3.523658792562246, 'delta': 1e-05}, 'validation': {'loss': 0.7121432065963745, 'balanced_accuracy': 0.509296128399902, 'specificity': 0.25235849056603776, 'sensitivity': 0.7662337662337663, 'auc': 0.5195570938495466, 'confusion_matrix': [[107, 317], [36, 118]]}, 'duration_seconds': 96.12228931099526}, {'epoch': 7, 'train': {'loss': 0.7629660021874213, 'balanced_accuracy': 0.49652241605463343, 'specificity': 0.42131263232180666, 'sensitivity': 0.5717321997874601, 'auc': 0.4899538547034379, 'confusion_matrix': [[1194, 1640], [403, 538]]}, 'differential_privacy': {'epsilon': 3.7608917681913105, 'delta': 1e-05}, 'validation': {'loss': 0.7114169359207153, 'balanced_accuracy': 0.5146103896103896, 'specificity': 0.25, 'sensitivity': 0.7792207792207793, 'auc': 0.5237074246508209, 'confusion_matrix': [[106, 318], [34, 120]]}, 'duration_seconds': 96.77732788299909}, {'epoch': 8, 'train': {'loss': 0.7647137699588653, 'balanced_accuracy': 0.493781661483949, 'specificity': 0.42540116080573576, 'sensitivity': 0.5621621621621622, 'auc': 0.48211602520923114, 'confusion_matrix': [[1246, 1683], [405, 520]]}, 'differential_privacy': {'epsilon': 3.9853277502146733, 'delta': 1e-05}, 'validation': {'loss': 0.7106528401374816, 'balanced_accuracy': 0.5207975986277873, 'specificity': 0.2688679245283019, 'sensitivity': 0.7727272727272727, 'auc': 0.528761333006616, 'confusion_matrix': [[114, 310], [35, 119]]}, 'duration_seconds': 95.88326094500371}, {'epoch': 9, 'train': {'loss': 0.7657985494982812, 'balanced_accuracy': 0.4918608581202756, 'specificity': 0.412141652613828, 'sensitivity': 0.5715800636267232, 'auc': 0.48911210499303465, 'confusion_matrix': [[1222, 1743], [404, 539]]}, 'differential_privacy': {'epsilon': 4.199166950749958, 'delta': 1e-05}, 'validation': {'loss': 0.7105754137039184, 'balanced_accuracy': 0.5169688801764274, 'specificity': 0.25471698113207547, 'sensitivity': 0.7792207792207793, 'auc': 0.5277964959568733, 'confusion_matrix': [[108, 316], [34, 120]]}, 'duration_seconds': 104.10537816700526}, {'epoch': 10, 'train': {'loss': 0.762595861188827, 'balanced_accuracy': 0.5008795944058408, 'specificity': 0.4140598721829802, 'sensitivity': 0.5876993166287016, 'auc': 0.5024068170098848, 'confusion_matrix': [[1231, 1742], [362, 516]]}, 'differential_privacy': {'epsilon': 4.404035290692566, 'delta': 1e-05}, 'validation': {'loss': 0.7102801918983459, 'balanced_accuracy': 0.5137221269296741, 'specificity': 0.25471698113207547, 'sensitivity': 0.7727272727272727, 'auc': 0.5295117618230826, 'confusion_matrix': [[108, 316], [35, 119]]}, 'duration_seconds': 108.39209546000347}, {'epoch': 11, 'train': {'loss': 0.7642926958299452, 'balanced_accuracy': 0.4891350335472976, 'specificity': 0.399660441426146, 'sensitivity': 0.5786096256684492, 'auc': 0.48340738857666854, 'confusion_matrix': [[1177, 1768], [394, 541]]}, 'differential_privacy': {'epsilon': 4.60117645331868, 'delta': 1e-05}, 'validation': {'loss': 0.7103025436401367, 'balanced_accuracy': 0.5151923548149964, 'specificity': 0.2641509433962264, 'sensitivity': 0.7662337662337663, 'auc': 0.5294045577064445, 'confusion_matrix': [[112, 312], [36, 118]]}, 'duration_seconds': 108.05899510197924}, {'epoch': 12, 'train': {'loss': 0.7729790249178486, 'balanced_accuracy': 0.4714678690278748, 'specificity': 0.409382382720216, 'sensitivity': 0.5335533553355336, 'auc': 0.47136836532117604, 'confusion_matrix': [[1213, 1750], [424, 485]]}, 'differential_privacy': {'epsilon': 4.791567983466762, 'delta': 1e-05}, 'validation': {'loss': 0.709941053390503, 'balanced_accuracy': 0.5193120558686597, 'specificity': 0.28537735849056606, 'sensitivity': 0.7532467532467533, 'auc': 0.5340602793432982, 'confusion_matrix': [[121, 303], [38, 116]]}, 'duration_seconds': 100.33525000797817}, {'epoch': 13, 'train': {'loss': 0.7611171718566648, 'balanced_accuracy': 0.4918930259723322, 'specificity': 0.4279849469722887, 'sensitivity': 0.5558011049723757, 'auc': 0.4909755548961088, 'confusion_matrix': [[1251, 1672], [402, 503]]}, 'differential_privacy': {'epsilon': 4.975995343216998, 'delta': 1e-05}, 'validation': {'loss': 0.7097801446914673, 'balanced_accuracy': 0.5272757902474884, 'specificity': 0.294811320754717, 'sensitivity': 0.7597402597402597, 'auc': 0.5338765008576329, 'confusion_matrix': [[125, 299], [37, 117]]}, 'duration_seconds': 96.89062500998261}, {'epoch': 14, 'train': {'loss': 0.7702669001394703, 'balanced_accuracy': 0.47862535949178475, 'specificity': 0.40957630037891835, 'sensitivity': 0.5476744186046512, 'auc': 0.4762615257672496, 'confusion_matrix': [[1189, 1714], [389, 471]]}, 'differential_privacy': {'epsilon': 5.155101290084758, 'delta': 1e-05}, 'validation': {'loss': 0.708718228340149, 'balanced_accuracy': 0.5228804214653271, 'specificity': 0.24056603773584906, 'sensitivity': 0.8051948051948052, 'auc': 0.5336620926243568, 'confusion_matrix': [[102, 322], [30, 124]]}, 'duration_seconds': 97.30719982201117}, {'epoch': 15, 'train': {'loss': 0.7562831447970483, 'balanced_accuracy': 0.49931089443454485, 'specificity': 0.3827203331020125, 'sensitivity': 0.6159014557670772, 'auc': 0.506128318566878, 'confusion_matrix': [[1103, 1779], [343, 550]]}, 'differential_privacy': {'epsilon': 5.329419913186399, 'delta': 1e-05}, 'validation': {'loss': 0.7077606081962585, 'balanced_accuracy': 0.5160806174957118, 'specificity': 0.25943396226415094, 'sensitivity': 0.7727272727272727, 'auc': 0.5412123254104386, 'confusion_matrix': [[110, 314], [35, 119]]}, 'duration_seconds': 101.57835271398653}, {'epoch': 16, 'train': {'loss': 0.7543917990499928, 'balanced_accuracy': 0.5072829788492577, 'specificity': 0.4209445585215606, 'sensitivity': 0.5936213991769548, 'auc': 0.5055832650278996, 'confusion_matrix': [[1230, 1692], [395, 577]]}, 'differential_privacy': {'epsilon': 5.499400883195463, 'delta': 1e-05}, 'validation': {'loss': 0.7074422240257263, 'balanced_accuracy': 0.5275974025974026, 'specificity': 0.25, 'sensitivity': 0.8051948051948052, 'auc': 0.5410438617985788, 'confusion_matrix': [[106, 318], [30, 124]]}, 'duration_seconds': 114.04946348597878}, {'epoch': 17, 'train': {'loss': 0.7595714292218608, 'balanced_accuracy': 0.5002457979241831, 'specificity': 0.39641434262948205, 'sensitivity': 0.6040772532188842, 'auc': 0.49186729476942015, 'confusion_matrix': [[1194, 1818], [369, 563]]}, 'differential_privacy': {'epsilon': 5.6654271362419575, 'delta': 1e-05}, 'validation': {'loss': 0.7078307390213012, 'balanced_accuracy': 0.5290676304827249, 'specificity': 0.25943396226415094, 'sensitivity': 0.7987012987012987, 'auc': 0.5401402842440579, 'confusion_matrix': [[110, 314], [31, 123]]}, 'duration_seconds': 110.78858685697196}, {'epoch': 18, 'train': {'loss': 0.7624843889667142, 'balanced_accuracy': 0.4991967886426881, 'specificity': 0.4063758389261745, 'sensitivity': 0.5920177383592018, 'auc': 0.4948626467655769, 'confusion_matrix': [[1211, 1769], [368, 534]]}, 'differential_privacy': {'epsilon': 5.827827996811043, 'delta': 1e-05}, 'validation': {'loss': 0.706793999671936, 'balanced_accuracy': 0.5287766478804214, 'specificity': 0.25235849056603776, 'sensitivity': 0.8051948051948052, 'auc': 0.5455004900759617, 'confusion_matrix': [[107, 317], [30, 124]]}, 'duration_seconds': 108.42418974501197}, {'epoch': 19, 'train': {'loss': 0.7537459211964761, 'balanced_accuracy': 0.4969811122782167, 'specificity': 0.40370751802265703, 'sensitivity': 0.5902547065337763, 'auc': 0.5072141950450095, 'confusion_matrix': [[1176, 1737], [370, 533]]}, 'differential_privacy': {'epsilon': 5.986889216535801, 'delta': 1e-05}, 'validation': {'loss': 0.7061791181564331, 'balanced_accuracy': 0.5382106101445725, 'specificity': 0.27122641509433965, 'sensitivity': 0.8051948051948052, 'auc': 0.5527291105121294, 'confusion_matrix': [[115, 309], [30, 124]]}, 'duration_seconds': 97.96569509900291}, {'epoch': 20, 'train': {'loss': 0.7562384432361972, 'balanced_accuracy': 0.49942864593481584, 'specificity': 0.41735949451280346, 'sensitivity': 0.5814977973568282, 'auc': 0.5007632704306691, 'confusion_matrix': [[1255, 1752], [380, 528]]}, 'differential_privacy': {'epsilon': 6.142860633696736, 'delta': 1e-05}, 'validation': {'loss': 0.7055804848670959, 'balanced_accuracy': 0.5278883851997059, 'specificity': 0.25707547169811323, 'sensitivity': 0.7987012987012987, 'auc': 0.5576451850036755, 'confusion_matrix': [[109, 315], [31, 123]]}, 'duration_seconds': 110.44709481101017}, {'epoch': 21, 'train': {'loss': 0.7523617532945448, 'balanced_accuracy': 0.5154196308476545, 'specificity': 0.43259557344064387, 'sensitivity': 0.5982436882546652, 'auc': 0.5130125796859459, 'confusion_matrix': [[1290, 1692], [366, 545]]}, 'differential_privacy': {'epsilon': 6.2959622432593, 'delta': 1e-05}, 'validation': {'loss': 0.7057936310768127, 'balanced_accuracy': 0.5237380543984318, 'specificity': 0.28773584905660377, 'sensitivity': 0.7597402597402597, 'auc': 0.5605243812790982, 'confusion_matrix': [[122, 302], [37, 117]]}, 'duration_seconds': 110.28795131199877}, {'epoch': 22, 'train': {'loss': 0.7510612683911477, 'balanced_accuracy': 0.5125949162080388, 'specificity': 0.42672998643147897, 'sensitivity': 0.5984598459845984, 'auc': 0.5225554271845095, 'confusion_matrix': [[1258, 1690], [365, 544]]}, 'differential_privacy': {'epsilon': 6.446388962985033, 'delta': 1e-05}, 'validation': {'loss': 0.705731999874115, 'balanced_accuracy': 0.5314108061749572, 'specificity': 0.29009433962264153, 'sensitivity': 0.7727272727272727, 'auc': 0.5608459936290124, 'confusion_matrix': [[123, 301], [35, 119]]}, 'duration_seconds': 116.03029298299225}, {'epoch': 23, 'train': {'loss': 0.7598695197413045, 'balanced_accuracy': 0.4868861333300618, 'specificity': 0.41508152173913043, 'sensitivity': 0.5586907449209932, 'auc': 0.4909273327853568, 'confusion_matrix': [[1222, 1722], [391, 495]]}, 'differential_privacy': {'epsilon': 6.5943144917232255, 'delta': 1e-05}, 'validation': {'loss': 0.705254065990448, 'balanced_accuracy': 0.5246263170791473, 'specificity': 0.2830188679245283, 'sensitivity': 0.7662337662337663, 'auc': 0.5626684636118598, 'confusion_matrix': [[120, 304], [36, 118]]}, 'duration_seconds': 101.75834822200704}, {'epoch': 24, 'train': {'loss': 0.7543104444780657, 'balanced_accuracy': 0.5107491727490843, 'specificity': 0.4242323097463284, 'sensitivity': 0.5972660357518401, 'auc': 0.5102985193015854, 'confusion_matrix': [[1271, 1725], [383, 568]]}, 'differential_privacy': {'epsilon': 6.739894397994876, 'delta': 1e-05}, 'validation': {'loss': 0.7041086196899414, 'balanced_accuracy': 0.5302468757657437, 'specificity': 0.2617924528301887, 'sensitivity': 0.7987012987012987, 'auc': 0.5674007596177407, 'confusion_matrix': [[111, 313], [31, 123]]}, 'duration_seconds': 115.46254827600205}, {'epoch': 25, 'train': {'loss': 0.7616155570553195, 'balanced_accuracy': 0.49116308405010256, 'specificity': 0.4105870376654225, 'sensitivity': 0.5717391304347826, 'auc': 0.4888346291733672, 'confusion_matrix': [[1210, 1737], [394, 526]]}, 'differential_privacy': {'epsilon': 6.8832686826095975, 'delta': 1e-05}, 'validation': {'loss': 0.7035970330238343, 'balanced_accuracy': 0.5423456260720412, 'specificity': 0.2665094339622642, 'sensitivity': 0.8181818181818182, 'auc': 0.5677836314628768, 'confusion_matrix': [[113, 311], [28, 126]]}, 'duration_seconds': 112.49674853798933}, {'epoch': 26, 'train': {'loss': 0.741797278004308, 'balanced_accuracy': 0.5246667985496805, 'specificity': 0.4292895442359249, 'sensitivity': 0.6200440528634361, 'auc': 0.5336906969328341, 'confusion_matrix': [[1281, 1703], [345, 563]]}, 'differential_privacy': {'epsilon': 7.024563889277091, 'delta': 1e-05}, 'validation': {'loss': 0.7035618424415588, 'balanced_accuracy': 0.533493629012497, 'specificity': 0.2617924528301887, 'sensitivity': 0.8051948051948052, 'auc': 0.5687944131340358, 'confusion_matrix': [[111, 313], [30, 124]]}, 'duration_seconds': 101.53180580900516}, {'epoch': 27, 'train': {'loss': 0.7630621310203306, 'balanced_accuracy': 0.49256496745688627, 'specificity': 0.4137013634852012, 'sensitivity': 0.5714285714285714, 'auc': 0.48566430858929466, 'confusion_matrix': [[1244, 1763], [381, 508]]}, 'differential_privacy': {'epsilon': 7.163894848608032, 'delta': 1e-05}, 'validation': {'loss': 0.7038926720619202, 'balanced_accuracy': 0.5302315608919382, 'specificity': 0.28773584905660377, 'sensitivity': 0.7727272727272727, 'auc': 0.5694529527076697, 'confusion_matrix': [[122, 302], [35, 119]]}, 'duration_seconds': 101.95301022499916}, {'epoch': 28, 'train': {'loss': 0.7532245362958601, 'balanced_accuracy': 0.506043400410068, 'specificity': 0.4241086587436333, 'sensitivity': 0.5879781420765028, 'auc': 0.5106170502936347, 'confusion_matrix': [[1249, 1696], [377, 538]]}, 'differential_privacy': {'epsilon': 7.301366128045753, 'delta': 1e-05}, 'validation': {'loss': 0.7042973637580872, 'balanced_accuracy': 0.5275667728497917, 'specificity': 0.3018867924528302, 'sensitivity': 0.7532467532467533, 'auc': 0.5700502327860819, 'confusion_matrix': [[128, 296], [38, 116]]}, 'duration_seconds': 110.42948423000053}, {'epoch': 29, 'train': {'loss': 0.7577319510521427, 'balanced_accuracy': 0.4905367981331352, 'specificity': 0.42298456260720413, 'sensitivity': 0.5580890336590663, 'auc': 0.49202280316532665, 'confusion_matrix': [[1233, 1682], [407, 514]]}, 'differential_privacy': {'epsilon': 7.43707331758971, 'delta': 1e-05}, 'validation': {'loss': 0.704287075996399, 'balanced_accuracy': 0.5349332271502083, 'specificity': 0.3231132075471698, 'sensitivity': 0.7467532467532467, 'auc': 0.5727609654496447, 'confusion_matrix': [[137, 287], [39, 115]]}, 'duration_seconds': 97.32800930397934}, {'epoch': 30, 'train': {'loss': 0.747983121102856, 'balanced_accuracy': 0.5204648752683396, 'specificity': 0.43870752831445703, 'sensitivity': 0.6022222222222222, 'auc': 0.5246058183433266, 'confusion_matrix': [[1317, 1685], [358, 542]]}, 'differential_privacy': {'epsilon': 7.571104024446338, 'delta': 1e-05}, 'validation': {'loss': 0.7035364389419556, 'balanced_accuracy': 0.5302162460181328, 'specificity': 0.3136792452830189, 'sensitivity': 0.7467532467532467, 'auc': 0.5762374418034795, 'confusion_matrix': [[133, 291], [39, 115]]}, 'duration_seconds': 113.65192898799432}, {'epoch': 31, 'train': {'loss': 0.7545134886618583, 'balanced_accuracy': 0.5013097174269279, 'specificity': 0.4265927977839335, 'sensitivity': 0.5760266370699223, 'auc': 0.5030075846781508, 'confusion_matrix': [[1232, 1656], [382, 519]]}, 'differential_privacy': {'epsilon': 7.703538823887762, 'delta': 1e-05}, 'validation': {'loss': 0.7031740665435791, 'balanced_accuracy': 0.5417177162460182, 'specificity': 0.330188679245283, 'sensitivity': 0.7532467532467533, 'auc': 0.5805945234011272, 'confusion_matrix': [[140, 284], [38, 116]]}, 'duration_seconds': 98.82578645600006}, {'epoch': 32, 'train': {'loss': 0.7549824637751426, 'balanced_accuracy': 0.49782609010869183, 'specificity': 0.43816844919786097, 'sensitivity': 0.5574837310195228, 'auc': 0.505870861704966, 'confusion_matrix': [[1311, 1681], [408, 514]]}, 'differential_privacy': {'epsilon': 7.8344519994558794, 'delta': 1e-05}, 'validation': {'loss': 0.702357292175293, 'balanced_accuracy': 0.5488085028179368, 'specificity': 0.31839622641509435, 'sensitivity': 0.7792207792207793, 'auc': 0.5827156334231806, 'confusion_matrix': [[135, 289], [34, 120]]}, 'duration_seconds': 112.22473726500175}, {'epoch': 33, 'train': {'loss': 0.7495734172482644, 'balanced_accuracy': 0.5114952471306062, 'specificity': 0.42188552188552186, 'sensitivity': 0.6011049723756906, 'auc': 0.5189206986997041, 'confusion_matrix': [[1253, 1717], [361, 544]]}, 'differential_privacy': {'epsilon': 7.963912216802745, 'delta': 1e-05}, 'validation': {'loss': 0.7015515208244324, 'balanced_accuracy': 0.5538164665523155, 'specificity': 0.33490566037735847, 'sensitivity': 0.7727272727272727, 'auc': 0.5878001715265866, 'confusion_matrix': [[142, 282], [35, 119]]}, 'duration_seconds': 117.01914057898102}, {'epoch': 34, 'train': {'loss': 0.7441853842427654, 'balanced_accuracy': 0.5210055897582743, 'specificity': 0.4197404371584699, 'sensitivity': 0.6222707423580786, 'auc': 0.5271680447180662, 'confusion_matrix': [[1229, 1699], [346, 570]]}, 'differential_privacy': {'epsilon': 8.091983103730952, 'delta': 1e-05}, 'validation': {'loss': 0.7011345148086547, 'balanced_accuracy': 0.5496967654986523, 'specificity': 0.3136792452830189, 'sensitivity': 0.7857142857142857, 'auc': 0.5894082332761579, 'confusion_matrix': [[133, 291], [33, 121]]}, 'duration_seconds': 104.55236262799008}, {'epoch': 35, 'train': {'loss': 0.7481779379229392, 'balanced_accuracy': 0.49818802324846434, 'specificity': 0.4051875219067648, 'sensitivity': 0.5911885245901639, 'auc': 0.5053183160664931, 'confusion_matrix': [[1156, 1697], [399, 577]]}, 'differential_privacy': {'epsilon': 8.21872378016142, 'delta': 1e-05}, 'validation': {'loss': 0.6995826005935669, 'balanced_accuracy': 0.5520705709384954, 'specificity': 0.29245283018867924, 'sensitivity': 0.8116883116883117, 'auc': 0.594845013477089, 'confusion_matrix': [[124, 300], [29, 125]]}, 'duration_seconds': 94.45980968300137}, {'epoch': 36, 'train': {'loss': 0.7489632541133512, 'balanced_accuracy': 0.5258595306241046, 'specificity': 0.4222145567437047, 'sensitivity': 0.6295045045045045, 'auc': 0.5271008331546448, 'confusion_matrix': [[1224, 1675], [329, 559]]}, 'differential_privacy': {'epsilon': 8.344189231741554, 'delta': 1e-05}, 'validation': {'loss': 0.6968235492706298, 'balanced_accuracy': 0.5614892183288409, 'specificity': 0.33726415094339623, 'sensitivity': 0.7857142857142857, 'auc': 0.6132534917912277, 'confusion_matrix': [[143, 281], [33, 121]]}, 'duration_seconds': 103.40918767699623}, {'epoch': 37, 'train': {'loss': 0.7523111047283295, 'balanced_accuracy': 0.5004001716954117, 'specificity': 0.422461752433936, 'sensitivity': 0.5783385909568874, 'auc': 0.5014577291453692, 'confusion_matrix': [[1215, 1661], [401, 550]]}, 'differential_privacy': {'epsilon': 8.468430774115571, 'delta': 1e-05}, 'validation': {'loss': 0.6959924221038818, 'balanced_accuracy': 0.567967409948542, 'specificity': 0.3632075471698113, 'sensitivity': 0.7727272727272727, 'auc': 0.6206505758392551, 'confusion_matrix': [[154, 270], [35, 119]]}, 'duration_seconds': 98.43373786399025}, {'epoch': 38, 'train': {'loss': 0.7349348702738362, 'balanced_accuracy': 0.52599643209239, 'specificity': 0.43854748603351956, 'sensitivity': 0.6134453781512605, 'auc': 0.5444976174827473, 'confusion_matrix': [[1256, 1608], [368, 584]]}, 'differential_privacy': {'epsilon': 8.591496334439475, 'delta': 1e-05}, 'validation': {'loss': 0.6959883570671082, 'balanced_accuracy': 0.5700349179122765, 'specificity': 0.3608490566037736, 'sensitivity': 0.7792207792207793, 'auc': 0.6201298701298701, 'confusion_matrix': [[153, 271], [34, 120]]}, 'duration_seconds': 99.48230804500054}, {'epoch': 39, 'train': {'loss': 0.7447513784131696, 'balanced_accuracy': 0.5217290799815072, 'specificity': 0.42857142857142855, 'sensitivity': 0.6148867313915858, 'auc': 0.5261504378775713, 'confusion_matrix': [[1254, 1672], [357, 570]]}, 'differential_privacy': {'epsilon': 8.713430793229778, 'delta': 1e-05}, 'validation': {'loss': 0.6952793002128601, 'balanced_accuracy': 0.5759311443273707, 'specificity': 0.37264150943396224, 'sensitivity': 0.7792207792207793, 'auc': 0.6248162215143348, 'confusion_matrix': [[158, 266], [34, 120]]}, 'duration_seconds': 110.20365369800129}, {'epoch': 40, 'train': {'loss': 0.7423289918130443, 'balanced_accuracy': 0.5274874729011082, 'specificity': 0.43450586264656615, 'sensitivity': 0.6204690831556503, 'auc': 0.5346944387895411, 'confusion_matrix': [[1297, 1688], [356, 582]]}, 'differential_privacy': {'epsilon': 8.834276231582542, 'delta': 1e-05}, 'validation': {'loss': 0.6944145202636719, 'balanced_accuracy': 0.5815363881401617, 'specificity': 0.37735849056603776, 'sensitivity': 0.7857142857142857, 'auc': 0.6299620191129626, 'confusion_matrix': [[160, 264], [33, 121]]}, 'duration_seconds': 107.61503377102781}, {'epoch': 41, 'train': {'loss': 0.7406094574159191, 'balanced_accuracy': 0.5195700717591344, 'specificity': 0.44743029895868325, 'sensitivity': 0.5917098445595855, 'auc': 0.5333315348587878, 'confusion_matrix': [[1332, 1645], [394, 571]]}, 'differential_privacy': {'epsilon': 8.95407217785968, 'delta': 1e-05}, 'validation': {'loss': 0.6941842198371887, 'balanced_accuracy': 0.5732663562852243, 'specificity': 0.3867924528301887, 'sensitivity': 0.7597402597402597, 'auc': 0.6313250428816466, 'confusion_matrix': [[164, 260], [37, 117]]}, 'duration_seconds': 112.87968447600724}, {'epoch': 42, 'train': {'loss': 0.7381426922736629, 'balanced_accuracy': 0.5285004128564479, 'specificity': 0.44369521240728255, 'sensitivity': 0.6133056133056133, 'auc': 0.5394898243853066, 'confusion_matrix': [[1316, 1650], [372, 590]]}, 'differential_privacy': {'epsilon': 9.072855790122619, 'delta': 1e-05}, 'validation': {'loss': 0.6933560371398926, 'balanced_accuracy': 0.5703105856407743, 'specificity': 0.3938679245283019, 'sensitivity': 0.7467532467532467, 'auc': 0.6360573388875276, 'confusion_matrix': [[167, 257], [39, 115]]}, 'duration_seconds': 109.85053023899673}, {'epoch': 43, 'train': {'loss': 0.7417388827570023, 'balanced_accuracy': 0.5165801479033367, 'specificity': 0.4403264195851751, 'sensitivity': 0.5928338762214984, 'auc': 0.5325498465847147, 'confusion_matrix': [[1295, 1646], [375, 546]]}, 'differential_privacy': {'epsilon': 9.19066210405897, 'delta': 1e-05}, 'validation': {'loss': 0.6930686593055725, 'balanced_accuracy': 0.5744456015682431, 'specificity': 0.3891509433962264, 'sensitivity': 0.7597402597402597, 'auc': 0.636210487625582, 'confusion_matrix': [[165, 259], [37, 117]]}, 'duration_seconds': 118.43019739098963}, {'epoch': 44, 'train': {'loss': 0.7393447487585006, 'balanced_accuracy': 0.529244682103625, 'specificity': 0.4503664223850766, 'sensitivity': 0.6081229418221734, 'auc': 0.5484984031867521, 'confusion_matrix': [[1352, 1650], [357, 554]]}, 'differential_privacy': {'epsilon': 9.307524183973923, 'delta': 1e-05}, 'validation': {'loss': 0.6921951055526734, 'balanced_accuracy': 0.5797598627787307, 'specificity': 0.3867924528301887, 'sensitivity': 0.7727272727272727, 'auc': 0.6397941680960548, 'confusion_matrix': [[164, 260], [35, 119]]}, 'duration_seconds': 101.48795169201912}, {'epoch': 45, 'train': {'loss': 0.7392597198486328, 'balanced_accuracy': 0.5343877384519811, 'specificity': 0.4264553909748536, 'sensitivity': 0.6423200859291085, 'auc': 0.5403031346882534, 'confusion_matrix': [[1238, 1665], [333, 598]]}, 'differential_privacy': {'epsilon': 9.4234732204395, 'delta': 1e-05}, 'validation': {'loss': 0.692094087600708, 'balanced_accuracy': 0.5723780936045088, 'specificity': 0.3915094339622642, 'sensitivity': 0.7532467532467533, 'auc': 0.6410040431266846, 'confusion_matrix': [[166, 258], [38, 116]]}, 'duration_seconds': 107.36324019002495}, {'epoch': 46, 'train': {'loss': 0.731365232698379, 'balanced_accuracy': 0.5497233575778541, 'specificity': 0.44863590434489725, 'sensitivity': 0.6508108108108108, 'auc': 0.5658019353135554, 'confusion_matrix': [[1332, 1637], [323, 602]]}, 'differential_privacy': {'epsilon': 9.538538739584904, 'delta': 1e-05}, 'validation': {'loss': 0.692145836353302, 'balanced_accuracy': 0.5782896348934086, 'specificity': 0.37735849056603776, 'sensitivity': 0.7792207792207793, 'auc': 0.6400698358245529, 'confusion_matrix': [[160, 264], [34, 120]]}, 'duration_seconds': 106.51824075198965}, {'epoch': 47, 'train': {'loss': 0.7384801237813888, 'balanced_accuracy': 0.5319812601749747, 'specificity': 0.42887102411744144, 'sensitivity': 0.635091496232508, 'auc': 0.5389501890424245, 'confusion_matrix': [[1227, 1634], [339, 590]]}, 'differential_privacy': {'epsilon': 9.652748719735165, 'delta': 1e-05}, 'validation': {'loss': 0.6920349955558777, 'balanced_accuracy': 0.5753338642489586, 'specificity': 0.38443396226415094, 'sensitivity': 0.7662337662337663, 'auc': 0.6419688801764274, 'confusion_matrix': [[163, 261], [36, 118]]}, 'duration_seconds': 98.68345875802333}, {'epoch': 48, 'train': {'loss': 0.7375285260138973, 'balanced_accuracy': 0.5187590187590188, 'specificity': 0.4444444444444444, 'sensitivity': 0.5930735930735931, 'auc': 0.5434657648279939, 'confusion_matrix': [[1292, 1615], [376, 548]]}, 'differential_privacy': {'epsilon': 9.766129659241653, 'delta': 1e-05}, 'validation': {'loss': 0.69197518825531, 'balanced_accuracy': 0.5747518990443519, 'specificity': 0.37028301886792453, 'sensitivity': 0.7792207792207793, 'auc': 0.6409734133790738, 'confusion_matrix': [[157, 267], [34, 120]]}, 'duration_seconds': 103.01066396501847}, {'epoch': 49, 'train': {'loss': 0.7329630332608377, 'balanced_accuracy': 0.5297295923123204, 'specificity': 0.424283305227656, 'sensitivity': 0.6351758793969849, 'auc': 0.5488677790300576, 'confusion_matrix': [[1258, 1707], [363, 632]]}, 'differential_privacy': {'epsilon': 9.878706730903145, 'delta': 1e-05}, 'validation': {'loss': 0.6918612003326416, 'balanced_accuracy': 0.5653179367802009, 'specificity': 0.35141509433962265, 'sensitivity': 0.7792207792207793, 'auc': 0.6400238912031364, 'confusion_matrix': [[149, 275], [34, 120]]}, 'duration_seconds': 114.84290714401868}, {'epoch': 50, 'train': {'loss': 0.7338667646531136, 'balanced_accuracy': 0.5419794598292724, 'specificity': 0.43356164383561646, 'sensitivity': 0.6503972758229285, 'auc': 0.5581942997527717, 'confusion_matrix': [[1266, 1654], [308, 573]]}, 'differential_privacy': {'epsilon': 9.99050383766101, 'delta': 1e-05}, 'validation': {'loss': 0.6919582605361938, 'balanced_accuracy': 0.5688250428816467, 'specificity': 0.41037735849056606, 'sensitivity': 0.7272727272727273, 'auc': 0.6456597647635384, 'confusion_matrix': [[174, 250], [42, 112]]}, 'duration_seconds': 93.61210869500064}]",40,Adam,false,,,,,,,true,target_epsilon,0.9210205078125,10.0,1e-05,350.0,true,flat,hooks,0.5815363881401617,0.6299620191129626,0.7857142857142857,0.37735849056603776,0.6944145202636719,0.5739422696718071,0.6108694697069549,0.7777777777777778,0.3701067615658363,0.6891309738159179,0.5555555555555556,0.5902823543195233,0.7777777777777778,0.3333333333333333,0.6943554401397705,9.99050383766101,00:01:46,01:28:04
centralized_runs/archive/2026-05-24/fullbackbone_dp_targeteps_clip_sweep_20260524_002905/adam_fullbackbone_dp_targeteps5_clip250_b128_e50_seed42_20260524_002905,adam_fullbackbone_dp_targeteps5_clip250_b128_e50_seed42_20260524_002905,completed,PersistentDataset cache reused from shadow_runs/cache/convnext_256_ras_scale_v1,,,,,"[{'epoch': 1, 'train': {'loss': 0.7658753337398652, 'balanced_accuracy': 0.5008877994358938, 'specificity': 0.4709501025290499, 'sensitivity': 0.5308254963427377, 'auc': 0.4934920301608967, 'confusion_matrix': [[1378, 1548], [449, 508]]}, 'differential_privacy': {'epsilon': 0.7697666306172894, 'delta': 1e-05}, 'validation': {'loss': 0.7172399163246155, 'balanced_accuracy': 0.51810218083803, 'specificity': 0.33490566037735847, 'sensitivity': 0.7012987012987013, 'auc': 0.5010873560401863, 'confusion_matrix': [[142, 282], [46, 108]]}, 'duration_seconds': 97.62389772199094}, {'epoch': 2, 'train': {'loss': 0.7714993030794205, 'balanced_accuracy': 0.4867294417288032, 'specificity': 0.4404801600533511, 'sensitivity': 0.5329787234042553, 'auc': 0.48074854738813644, 'confusion_matrix': [[1321, 1678], [439, 501]]}, 'differential_privacy': {'epsilon': 1.012341265936871, 'delta': 1e-05}, 'validation': {'loss': 0.7155447721481323, 'balanced_accuracy': 0.5175355305072287, 'specificity': 0.294811320754717, 'sensitivity': 0.7402597402597403, 'auc': 0.5051457975986278, 'confusion_matrix': [[125, 299], [40, 114]]}, 'duration_seconds': 122.90329797702725}, {'epoch': 3, 'train': {'loss': 0.7656874022176189, 'balanced_accuracy': 0.5000540405001124, 'specificity': 0.42543275632490013, 'sensitivity': 0.5746753246753247, 'auc': 0.4996166727192027, 'confusion_matrix': [[1278, 1726], [393, 531]]}, 'differential_privacy': {'epsilon': 1.2059361016394932, 'delta': 1e-05}, 'validation': {'loss': 0.7151204705238342, 'balanced_accuracy': 0.5184237931879441, 'specificity': 0.29009433962264153, 'sensitivity': 0.7467532467532467, 'auc': 0.5061565792697869, 'confusion_matrix': [[123, 301], [39, 115]]}, 'duration_seconds': 102.33653161500115}, {'epoch': 4, 'train': {'loss': 0.767285821899291, 'balanced_accuracy': 0.49099807207474416, 'specificity': 0.4365415986949429, 'sensitivity': 0.5454545454545454, 'auc': 0.48959499932667505, 'confusion_matrix': [[1338, 1727], [435, 522]]}, 'differential_privacy': {'epsilon': 1.3732476713160413, 'delta': 1e-05}, 'validation': {'loss': 0.7143383383750915, 'balanced_accuracy': 0.5254992648860574, 'specificity': 0.30424528301886794, 'sensitivity': 0.7467532467532467, 'auc': 0.5119915461896594, 'confusion_matrix': [[129, 295], [39, 115]]}, 'duration_seconds': 118.16961765001179}, {'epoch': 5, 'train': {'loss': 0.7576510925446788, 'balanced_accuracy': 0.5106003792286082, 'specificity': 0.4312649982859102, 'sensitivity': 0.5899357601713062, 'auc': 0.5082779159897786, 'confusion_matrix': [[1258, 1659], [383, 551]]}, 'differential_privacy': {'epsilon': 1.523362882849453, 'delta': 1e-05}, 'validation': {'loss': 0.7132376432418823, 'balanced_accuracy': 0.5202003185493751, 'specificity': 0.2806603773584906, 'sensitivity': 0.7597402597402597, 'auc': 0.5159887282528792, 'confusion_matrix': [[119, 305], [37, 117]]}, 'duration_seconds': 98.065453179006}, {'epoch': 6, 'train': {'loss': 0.7643118942937543, 'balanced_accuracy': 0.5076039355522357, 'specificity': 0.43040610898993403, 'sensitivity': 0.5848017621145375, 'auc': 0.4982409818543794, 'confusion_matrix': [[1240, 1641], [377, 531]]}, 'differential_privacy': {'epsilon': 1.661063561892472, 'delta': 1e-05}, 'validation': {'loss': 0.7122762560844421, 'balanced_accuracy': 0.5116546189659398, 'specificity': 0.25707547169811323, 'sensitivity': 0.7662337662337663, 'auc': 0.5196489830923793, 'confusion_matrix': [[109, 315], [36, 118]]}, 'duration_seconds': 96.13755661901087}, {'epoch': 7, 'train': {'loss': 0.7632274646912852, 'balanced_accuracy': 0.4966947203271044, 'specificity': 0.42378263937896965, 'sensitivity': 0.5696068012752391, 'auc': 0.489827485737556, 'confusion_matrix': [[1201, 1633], [405, 536]]}, 'differential_privacy': {'epsilon': 1.7892451578624213, 'delta': 1e-05}, 'validation': {'loss': 0.711576783657074, 'balanced_accuracy': 0.5169688801764274, 'specificity': 0.25471698113207547, 'sensitivity': 0.7792207792207793, 'auc': 0.5235083312913502, 'confusion_matrix': [[108, 316], [34, 120]]}, 'duration_seconds': 96.71744793499238}, {'epoch': 8, 'train': {'loss': 0.7650480001203476, 'balanced_accuracy': 0.49375324112094343, 'specificity': 0.42642540116080574, 'sensitivity': 0.5610810810810811, 'auc': 0.4817738735662942, 'confusion_matrix': [[1249, 1680], [406, 519]]}, 'differential_privacy': {'epsilon': 1.9098214051048794, 'delta': 1e-05}, 'validation': {'loss': 0.7108083724975586, 'balanced_accuracy': 0.5131248468512619, 'specificity': 0.2665094339622642, 'sensitivity': 0.7597402597402597, 'auc': 0.529113575104141, 'confusion_matrix': [[113, 311], [37, 117]]}, 'duration_seconds': 95.78161498700501}, {'epoch': 9, 'train': {'loss': 0.7661402667722395, 'balanced_accuracy': 0.4914506284882484, 'specificity': 0.4145025295109612, 'sensitivity': 0.5683987274655355, 'auc': 0.48897476569164106, 'confusion_matrix': [[1229, 1736], [407, 536]]}, 'differential_privacy': {'epsilon': 2.0241367145620113, 'delta': 1e-05}, 'validation': {'loss': 0.7107998013496399, 'balanced_accuracy': 0.5169688801764274, 'specificity': 0.25471698113207547, 'sensitivity': 0.7792207792207793, 'auc': 0.5274442538593482, 'confusion_matrix': [[108, 316], [34, 120]]}, 'duration_seconds': 104.14826773799723}, {'epoch': 10, 'train': {'loss': 0.7628504114766275, 'balanced_accuracy': 0.5009179042667224, 'specificity': 0.4164143962327615, 'sensitivity': 0.5854214123006833, 'auc': 0.5021353916455388, 'confusion_matrix': [[1238, 1735], [364, 514]]}, 'differential_privacy': {'epsilon': 2.13317892958498, 'delta': 1e-05}, 'validation': {'loss': 0.7104517340660095, 'balanced_accuracy': 0.5137221269296741, 'specificity': 0.25471698113207547, 'sensitivity': 0.7727272727272727, 'auc': 0.5290829453565302, 'confusion_matrix': [[108, 316], [35, 119]]}, 'duration_seconds': 108.60335049999412}, {'epoch': 11, 'train': {'loss': 0.76478337664758, 'balanced_accuracy': 0.490272645560771, 'specificity': 0.40407470288624786, 'sensitivity': 0.5764705882352941, 'auc': 0.4830589324786868, 'confusion_matrix': [[1190, 1755], [396, 539]]}, 'differential_privacy': {'epsilon': 2.2376994037108973, 'delta': 1e-05}, 'validation': {'loss': 0.7105165600776673, 'balanced_accuracy': 0.5140131095319775, 'specificity': 0.2617924528301887, 'sensitivity': 0.7662337662337663, 'auc': 0.5287460181328106, 'confusion_matrix': [[111, 313], [36, 118]]}, 'duration_seconds': 108.03036490100203}, {'epoch': 12, 'train': {'loss': 0.7733535132100505, 'balanced_accuracy': 0.4696051447871753, 'specificity': 0.41005737428282146, 'sensitivity': 0.5291529152915292, 'auc': 0.4710709680485429, 'confusion_matrix': [[1215, 1748], [428, 481]]}, 'differential_privacy': {'epsilon': 2.3382855964476046, 'delta': 1e-05}, 'validation': {'loss': 0.7101506948471069, 'balanced_accuracy': 0.5148860573388875, 'specificity': 0.2830188679245283, 'sensitivity': 0.7467532467532467, 'auc': 0.5328350894388629, 'confusion_matrix': [[120, 304], [39, 115]]}, 'duration_seconds': 100.30130833399016}, {'epoch': 13, 'train': {'loss': 0.761627939439589, 'balanced_accuracy': 0.49099842551832196, 'specificity': 0.4273007184399589, 'sensitivity': 0.554696132596685, 'auc': 0.4903964178179158, 'confusion_matrix': [[1249, 1674], [403, 502]]}, 'differential_privacy': {'epsilon': 2.4354071884219053, 'delta': 1e-05}, 'validation': {'loss': 0.7100624799728393, 'balanced_accuracy': 0.5207822837539818, 'specificity': 0.294811320754717, 'sensitivity': 0.7467532467532467, 'auc': 0.5336467777505514, 'confusion_matrix': [[125, 299], [39, 115]]}, 'duration_seconds': 96.73815947500407}, {'epoch': 14, 'train': {'loss': 0.7705541176180686, 'balanced_accuracy': 0.4797234616955996, 'specificity': 0.4106097140888736, 'sensitivity': 0.5488372093023256, 'auc': 0.47632160795968886, 'confusion_matrix': [[1192, 1711], [388, 472]]}, 'differential_privacy': {'epsilon': 2.529446870586119, 'delta': 1e-05}, 'validation': {'loss': 0.7090455293655396, 'balanced_accuracy': 0.5217011761823083, 'specificity': 0.23820754716981132, 'sensitivity': 0.8051948051948052, 'auc': 0.5325594217103652, 'confusion_matrix': [[101, 323], [30, 124]]}, 'duration_seconds': 97.21348007302731}, {'epoch': 15, 'train': {'loss': 0.7566907828853976, 'balanced_accuracy': 0.5012192913811098, 'specificity': 0.38653712699514226, 'sensitivity': 0.6159014557670772, 'auc': 0.5060096144505845, 'confusion_matrix': [[1114, 1768], [343, 550]]}, 'differential_privacy': {'epsilon': 2.6207213090214534, 'delta': 1e-05}, 'validation': {'loss': 0.7080939888954163, 'balanced_accuracy': 0.5213948787061995, 'specificity': 0.25707547169811323, 'sensitivity': 0.7857142857142857, 'auc': 0.539481744670424, 'confusion_matrix': [[109, 315], [33, 121]]}, 'duration_seconds': 101.4604024469736}, {'epoch': 16, 'train': {'loss': 0.7550128236893685, 'balanced_accuracy': 0.5052243094109395, 'specificity': 0.4219712525667351, 'sensitivity': 0.588477366255144, 'auc': 0.5049533762601297, 'confusion_matrix': [[1233, 1689], [400, 572]]}, 'differential_privacy': {'epsilon': 2.709496156376761, 'delta': 1e-05}, 'validation': {'loss': 0.7078404307365418, 'balanced_accuracy': 0.5284856652781181, 'specificity': 0.24528301886792453, 'sensitivity': 0.8116883116883117, 'auc': 0.5394664297966184, 'confusion_matrix': [[104, 320], [29, 125]]}, 'duration_seconds': 113.79663381798309}, {'epoch': 17, 'train': {'loss': 0.7602346866361557, 'balanced_accuracy': 0.4959154797120531, 'specificity': 0.39741035856573703, 'sensitivity': 0.5944206008583691, 'auc': 0.4913028501159882, 'confusion_matrix': [[1197, 1815], [378, 554]]}, 'differential_privacy': {'epsilon': 2.795996859264169, 'delta': 1e-05}, 'validation': {'loss': 0.7082247972488404, 'balanced_accuracy': 0.5157896348934086, 'specificity': 0.25235849056603776, 'sensitivity': 0.7792207792207793, 'auc': 0.5391754471943151, 'confusion_matrix': [[107, 317], [34, 120]]}, 'duration_seconds': 110.66742059902754}, {'epoch': 18, 'train': {'loss': 0.7629321121400402, 'balanced_accuracy': 0.4985256477030908, 'specificity': 0.40503355704697985, 'sensitivity': 0.5920177383592018, 'auc': 0.49506372862691406, 'confusion_matrix': [[1207, 1773], [368, 534]]}, 'differential_privacy': {'epsilon': 2.880416724663862, 'delta': 1e-05}, 'validation': {'loss': 0.707179582118988, 'balanced_accuracy': 0.5320234011271747, 'specificity': 0.25235849056603776, 'sensitivity': 0.8116883116883117, 'auc': 0.54439781916197, 'confusion_matrix': [[107, 317], [29, 125]]}, 'duration_seconds': 108.39423819398507}, {'epoch': 19, 'train': {'loss': 0.754062177673463, 'balanced_accuracy': 0.4986975558072246, 'specificity': 0.40714040508067284, 'sensitivity': 0.5902547065337763, 'auc': 0.5072888974045777, 'confusion_matrix': [[1186, 1727], [370, 533]]}, 'differential_privacy': {'epsilon': 2.962923007179877, 'delta': 1e-05}, 'validation': {'loss': 0.706495201587677, 'balanced_accuracy': 0.5258208772359716, 'specificity': 0.25943396226415094, 'sensitivity': 0.7922077922077922, 'auc': 0.553203871600098, 'confusion_matrix': [[110, 314], [32, 122]]}, 'duration_seconds': 97.76165637598024}, {'epoch': 20, 'train': {'loss': 0.757062025608555, 'balanced_accuracy': 0.49623913511644635, 'specificity': 0.4186897239773861, 'sensitivity': 0.5737885462555066, 'auc': 0.5009559193013658, 'confusion_matrix': [[1259, 1748], [387, 521]]}, 'differential_privacy': {'epsilon': 3.0436615820265773, 'delta': 1e-05}, 'validation': {'loss': 0.7056851744651794, 'balanced_accuracy': 0.5281793678020094, 'specificity': 0.2641509433962264, 'sensitivity': 0.7922077922077922, 'auc': 0.5595135996079392, 'confusion_matrix': [[112, 312], [32, 122]]}, 'duration_seconds': 110.50801400601631}, {'epoch': 21, 'train': {'loss': 0.7532606432514806, 'balanced_accuracy': 0.5115776989047347, 'specificity': 0.43259557344064387, 'sensitivity': 0.5905598243688255, 'auc': 0.5125645935621045, 'confusion_matrix': [[1290, 1692], [373, 538]]}, 'differential_privacy': {'epsilon': 3.122760578973055, 'delta': 1e-05}, 'validation': {'loss': 0.7056849002838135, 'balanced_accuracy': 0.5284550355305072, 'specificity': 0.2971698113207547, 'sensitivity': 0.7597402597402597, 'auc': 0.5625765743690272, 'confusion_matrix': [[126, 298], [37, 117]]}, 'duration_seconds': 110.29253594900365}, {'epoch': 22, 'train': {'loss': 0.7514645264994714, 'balanced_accuracy': 0.5126867164328374, 'specificity': 0.4335142469470828, 'sensitivity': 0.5918591859185919, 'auc': 0.5230329003049559, 'confusion_matrix': [[1278, 1670], [371, 538]]}, 'differential_privacy': {'epsilon': 3.2003332744081234, 'delta': 1e-05}, 'validation': {'loss': 0.705695378780365, 'balanced_accuracy': 0.5249172996814506, 'specificity': 0.29009433962264153, 'sensitivity': 0.7597402597402597, 'auc': 0.562775667728498, 'confusion_matrix': [[123, 301], [37, 117]]}, 'duration_seconds': 115.90110779399402}, {'epoch': 23, 'train': {'loss': 0.7600418906058034, 'balanced_accuracy': 0.4864916362008048, 'specificity': 0.4154211956521739, 'sensitivity': 0.5575620767494357, 'auc': 0.4925126055059378, 'confusion_matrix': [[1223, 1721], [392, 494]]}, 'differential_privacy': {'epsilon': 3.2764804294158867, 'delta': 1e-05}, 'validation': {'loss': 0.7051932692527771, 'balanced_accuracy': 0.532590051457976, 'specificity': 0.29245283018867924, 'sensitivity': 0.7727272727272727, 'auc': 0.5657467532467533, 'confusion_matrix': [[124, 300], [35, 119]]}, 'duration_seconds': 101.85018920400762}, {'epoch': 24, 'train': {'loss': 0.7544804792250356, 'balanced_accuracy': 0.5122511754193113, 'specificity': 0.4272363150867824, 'sensitivity': 0.5972660357518401, 'auc': 0.5123708583052903, 'confusion_matrix': [[1280, 1716], [383, 568]]}, 'differential_privacy': {'epsilon': 3.3512921160509737, 'delta': 1e-05}, 'validation': {'loss': 0.70414137840271, 'balanced_accuracy': 0.5240443518745406, 'specificity': 0.2688679245283019, 'sensitivity': 0.7792207792207793, 'auc': 0.5696673609409458, 'confusion_matrix': [[114, 310], [34, 120]]}, 'duration_seconds': 115.32017977599753}, {'epoch': 25, 'train': {'loss': 0.76204514503479, 'balanced_accuracy': 0.4955743497440286, 'specificity': 0.41940956905327453, 'sensitivity': 0.5717391304347826, 'auc': 0.49024025906965074, 'confusion_matrix': [[1236, 1711], [394, 526]]}, 'differential_privacy': {'epsilon': 3.4248492588769652, 'delta': 1e-05}, 'validation': {'loss': 0.703845763206482, 'balanced_accuracy': 0.5290676304827249, 'specificity': 0.25943396226415094, 'sensitivity': 0.7987012987012987, 'auc': 0.5693763783386425, 'confusion_matrix': [[110, 314], [31, 123]]}, 'duration_seconds': 112.33551551599521}, {'epoch': 26, 'train': {'loss': 0.7416548671260956, 'balanced_accuracy': 0.5252647010192392, 'specificity': 0.4359919571045576, 'sensitivity': 0.6145374449339207, 'auc': 0.535411696448607, 'confusion_matrix': [[1301, 1683], [350, 558]]}, 'differential_privacy': {'epsilon': 3.4972248826492436, 'delta': 1e-05}, 'validation': {'loss': 0.7035430788993835, 'balanced_accuracy': 0.5402628032345014, 'specificity': 0.294811320754717, 'sensitivity': 0.7857142857142857, 'auc': 0.5729906885567262, 'confusion_matrix': [[125, 299], [33, 121]]}, 'duration_seconds': 101.6620981740125}, {'epoch': 27, 'train': {'loss': 0.7636430417337725, 'balanced_accuracy': 0.4881192104063148, 'specificity': 0.42168274027269703, 'sensitivity': 0.5545556805399325, 'auc': 0.4865288081091626, 'confusion_matrix': [[1268, 1739], [396, 493]]}, 'differential_privacy': {'epsilon': 3.568485155819192, 'delta': 1e-05}, 'validation': {'loss': 0.7031657457351684, 'balanced_accuracy': 0.5378889977946582, 'specificity': 0.3160377358490566, 'sensitivity': 0.7597402597402597, 'auc': 0.5791013232050968, 'confusion_matrix': [[134, 290], [37, 117]]}, 'duration_seconds': 101.67825625799014}, {'epoch': 28, 'train': {'loss': 0.7518321025756097, 'balanced_accuracy': 0.5162088192453635, 'specificity': 0.4400679117147708, 'sensitivity': 0.5923497267759563, 'auc': 0.5177166077541819, 'confusion_matrix': [[1296, 1649], [373, 542]]}, 'differential_privacy': {'epsilon': 3.6386902563929593, 'delta': 1e-05}, 'validation': {'loss': 0.7026412725448609, 'balanced_accuracy': 0.5363881401617251, 'specificity': 0.3584905660377358, 'sensitivity': 0.7142857142857143, 'auc': 0.5845840480274442, 'confusion_matrix': [[152, 272], [44, 110]]}, 'duration_seconds': 110.55146642200998}, {'epoch': 29, 'train': {'loss': 0.7561082647692773, 'balanced_accuracy': 0.4911413315752324, 'specificity': 0.44048027444253857, 'sensitivity': 0.5418023887079262, 'auc': 0.4987408346882257, 'confusion_matrix': [[1284, 1631], [422, 499]]}, 'differential_privacy': {'epsilon': 3.7078951192614604, 'delta': 1e-05}, 'validation': {'loss': 0.7017745852470398, 'balanced_accuracy': 0.5422843665768194, 'specificity': 0.37028301886792453, 'sensitivity': 0.7142857142857143, 'auc': 0.5921955403087479, 'confusion_matrix': [[157, 267], [44, 110]]}, 'duration_seconds': 97.51699185799225}, {'epoch': 30, 'train': {'loss': 0.7474001761405699, 'balanced_accuracy': 0.5246265452661188, 'specificity': 0.4536975349766822, 'sensitivity': 0.5955555555555555, 'auc': 0.5292077503886298, 'confusion_matrix': [[1362, 1640], [364, 536]]}, 'differential_privacy': {'epsilon': 3.7761500472156633, 'delta': 1e-05}, 'validation': {'loss': 0.7000260710716247, 'balanced_accuracy': 0.5372764028424406, 'specificity': 0.35377358490566035, 'sensitivity': 0.7207792207792207, 'auc': 0.6020889487870619, 'confusion_matrix': [[150, 274], [43, 111]]}, 'duration_seconds': 113.85431485401932}, {'epoch': 31, 'train': {'loss': 0.7528017740095815, 'balanced_accuracy': 0.5043812891800739, 'specificity': 0.44494459833795014, 'sensitivity': 0.5638179800221975, 'auc': 0.5113683703241397, 'confusion_matrix': [[1285, 1603], [393, 508]]}, 'differential_privacy': {'epsilon': 3.8435012285588703, 'delta': 1e-05}, 'validation': {'loss': 0.6989988446235657, 'balanced_accuracy': 0.5520246263170792, 'specificity': 0.37028301886792453, 'sensitivity': 0.7337662337662337, 'auc': 0.6091491056113698, 'confusion_matrix': [[157, 267], [41, 113]]}, 'duration_seconds': 98.8585870389943}, {'epoch': 32, 'train': {'loss': 0.7531920440735356, 'balanced_accuracy': 0.5075628284246059, 'specificity': 0.4608957219251337, 'sensitivity': 0.5542299349240781, 'auc': 0.5161219869036157, 'confusion_matrix': [[1379, 1613], [411, 511]]}, 'differential_privacy': {'epsilon': 3.909991218561947, 'delta': 1e-05}, 'validation': {'loss': 0.6972578167915344, 'balanced_accuracy': 0.5617648860573389, 'specificity': 0.37028301886792453, 'sensitivity': 0.7532467532467533, 'auc': 0.6153056848811566, 'confusion_matrix': [[157, 267], [38, 116]]}, 'duration_seconds': 112.20743393199518}, {'epoch': 33, 'train': {'loss': 0.7467882190981219, 'balanced_accuracy': 0.5263054113882843, 'specificity': 0.44377104377104376, 'sensitivity': 0.6088397790055249, 'auc': 0.5312297933292408, 'confusion_matrix': [[1318, 1652], [354, 551]]}, 'differential_privacy': {'epsilon': 3.9756593112162, 'delta': 1e-05}, 'validation': {'loss': 0.6957870244979858, 'balanced_accuracy': 0.571796128399902, 'specificity': 0.37735849056603776, 'sensitivity': 0.7662337662337663, 'auc': 0.6238207547169812, 'confusion_matrix': [[160, 264], [36, 118]]}, 'duration_seconds': 117.02755641698604}, {'epoch': 34, 'train': {'loss': 0.743701454131834, 'balanced_accuracy': 0.5230301620254373, 'specificity': 0.4412568306010929, 'sensitivity': 0.6048034934497817, 'auc': 0.5315829545183383, 'confusion_matrix': [[1292, 1636], [362, 554]]}, 'differential_privacy': {'epsilon': 4.040541895596256, 'delta': 1e-05}, 'validation': {'loss': 0.6956397533416748, 'balanced_accuracy': 0.5644296740994854, 'specificity': 0.3561320754716981, 'sensitivity': 0.7727272727272727, 'auc': 0.6221514334721883, 'confusion_matrix': [[151, 273], [35, 119]]}, 'duration_seconds': 104.40599969500909}, {'epoch': 35, 'train': {'loss': 0.7432135631961208, 'balanced_accuracy': 0.5088246553814506, 'specificity': 0.42236242551699965, 'sensitivity': 0.5952868852459017, 'auc': 0.5204386524394798, 'confusion_matrix': [[1205, 1648], [395, 581]]}, 'differential_privacy': {'epsilon': 4.104672719658694, 'delta': 1e-05}, 'validation': {'loss': 0.694130790233612, 'balanced_accuracy': 0.572699705954423, 'specificity': 0.3466981132075472, 'sensitivity': 0.7987012987012987, 'auc': 0.6269909335947073, 'confusion_matrix': [[147, 277], [31, 123]]}, 'duration_seconds': 94.53698407299817}, {'epoch': 36, 'train': {'loss': 0.7463719075725924, 'balanced_accuracy': 0.5307344253532594, 'specificity': 0.43083822007588823, 'sensitivity': 0.6306306306306306, 'auc': 0.5391067593982392, 'confusion_matrix': [[1249, 1650], [328, 560]]}, 'differential_privacy': {'epsilon': 4.168083184446153, 'delta': 1e-05}, 'validation': {'loss': 0.6924071669578552, 'balanced_accuracy': 0.5806634403332517, 'specificity': 0.3561320754716981, 'sensitivity': 0.8051948051948052, 'auc': 0.6356438372947807, 'confusion_matrix': [[151, 273], [30, 124]]}, 'duration_seconds': 103.4197460700234}, {'epoch': 37, 'train': {'loss': 0.7518703937530518, 'balanced_accuracy': 0.5046062705387346, 'specificity': 0.422461752433936, 'sensitivity': 0.5867507886435331, 'auc': 0.506628517818152, 'confusion_matrix': [[1215, 1661], [393, 558]]}, 'differential_privacy': {'epsilon': 4.230802548850019, 'delta': 1e-05}, 'validation': {'loss': 0.6923732399940491, 'balanced_accuracy': 0.5912766478804214, 'specificity': 0.37735849056603776, 'sensitivity': 0.8051948051948052, 'auc': 0.6369609164420484, 'confusion_matrix': [[160, 264], [30, 124]]}, 'duration_seconds': 98.36897451701225}, {'epoch': 38, 'train': {'loss': 0.732718160075526, 'balanced_accuracy': 0.532293084831698, 'specificity': 0.44273743016759776, 'sensitivity': 0.6218487394957983, 'auc': 0.5528490813224731, 'confusion_matrix': [[1268, 1596], [360, 592]]}, 'differential_privacy': {'epsilon': 4.292858136952556, 'delta': 1e-05}, 'validation': {'loss': 0.6925176501274108, 'balanced_accuracy': 0.5856714040676305, 'specificity': 0.37264150943396224, 'sensitivity': 0.7987012987012987, 'auc': 0.6348627787307032, 'confusion_matrix': [[158, 266], [31, 123]]}, 'duration_seconds': 99.37061887499294}, {'epoch': 39, 'train': {'loss': 0.7432760365547673, 'balanced_accuracy': 0.5200469915595107, 'specificity': 0.4241285030758715, 'sensitivity': 0.61596548004315, 'auc': 0.5319104616498587, 'confusion_matrix': [[1241, 1685], [356, 571]]}, 'differential_privacy': {'epsilon': 4.354275499677936, 'delta': 1e-05}, 'validation': {'loss': 0.692272424697876, 'balanced_accuracy': 0.5794688801764274, 'specificity': 0.37971698113207547, 'sensitivity': 0.7792207792207793, 'auc': 0.6372212692967412, 'confusion_matrix': [[161, 263], [34, 120]]}, 'duration_seconds': 109.99699081701692}, {'epoch': 40, 'train': {'loss': 0.7409317185801845, 'balanced_accuracy': 0.5390016893279475, 'specificity': 0.4298157453936348, 'sensitivity': 0.6481876332622601, 'auc': 0.5412703174722225, 'confusion_matrix': [[1283, 1702], [330, 608]]}, 'differential_privacy': {'epsilon': 4.415078581177066, 'delta': 1e-05}, 'validation': {'loss': 0.6919583916664124, 'balanced_accuracy': 0.5827156334231806, 'specificity': 0.37971698113207547, 'sensitivity': 0.7857142857142857, 'auc': 0.638614922813036, 'confusion_matrix': [[161, 263], [33, 121]]}, 'duration_seconds': 107.55366309097735}, {'epoch': 41, 'train': {'loss': 0.739557679622404, 'balanced_accuracy': 0.523757964776586, 'specificity': 0.44440712126301646, 'sensitivity': 0.6031088082901555, 'auc': 0.538157654278658, 'confusion_matrix': [[1323, 1654], [383, 582]]}, 'differential_privacy': {'epsilon': 4.475289872849594, 'delta': 1e-05}, 'validation': {'loss': 0.6919660568237305, 'balanced_accuracy': 0.5832975986277873, 'specificity': 0.3938679245283019, 'sensitivity': 0.7727272727272727, 'auc': 0.6393040921342807, 'confusion_matrix': [[167, 257], [35, 119]]}, 'duration_seconds': 112.94698680599686}, {'epoch': 42, 'train': {'loss': 0.7372957564169361, 'balanced_accuracy': 0.5322511681243981, 'specificity': 0.4480782198246797, 'sensitivity': 0.6164241164241164, 'auc': 0.5448849959976055, 'confusion_matrix': [[1329, 1637], [369, 593]]}, 'differential_privacy': {'epsilon': 4.534930498149709, 'delta': 1e-05}, 'validation': {'loss': 0.6914528012275696, 'balanced_accuracy': 0.5827003185493751, 'specificity': 0.4056603773584906, 'sensitivity': 0.7597402597402597, 'auc': 0.6425967900024504, 'confusion_matrix': [[172, 252], [37, 117]]}, 'duration_seconds': 109.91536308298237}, {'epoch': 43, 'train': {'loss': 0.7420227604527627, 'balanced_accuracy': 0.519058863401511, 'specificity': 0.44202652159129546, 'sensitivity': 0.5960912052117264, 'auc': 0.5343828555880562, 'confusion_matrix': [[1300, 1641], [372, 549]]}, 'differential_privacy': {'epsilon': 4.594020365619634, 'delta': 1e-05}, 'validation': {'loss': 0.6914188861846924, 'balanced_accuracy': 0.580050845381034, 'specificity': 0.3938679245283019, 'sensitivity': 0.7662337662337663, 'auc': 0.642167973535898, 'confusion_matrix': [[167, 257], [36, 118]]}, 'duration_seconds': 118.24508244698518}, {'epoch': 44, 'train': {'loss': 0.738325386278091, 'balanced_accuracy': 0.5361829764423425, 'specificity': 0.45436375749500335, 'sensitivity': 0.6180021953896817, 'auc': 0.553643527805466, 'confusion_matrix': [[1364, 1638], [348, 563]]}, 'differential_privacy': {'epsilon': 4.652578228331506, 'delta': 1e-05}, 'validation': {'loss': 0.6908128380775451, 'balanced_accuracy': 0.583006616025484, 'specificity': 0.3867924528301887, 'sensitivity': 0.7792207792207793, 'auc': 0.6446336682185738, 'confusion_matrix': [[164, 260], [34, 120]]}, 'duration_seconds': 101.27122893201886}, {'epoch': 45, 'train': {'loss': 0.7387757820467795, 'balanced_accuracy': 0.5442567838818542, 'specificity': 0.4343782294178436, 'sensitivity': 0.6541353383458647, 'auc': 0.543700671885412, 'confusion_matrix': [[1261, 1642], [322, 609]]}, 'differential_privacy': {'epsilon': 4.71062181763583, 'delta': 1e-05}, 'validation': {'loss': 0.6908168077468873, 'balanced_accuracy': 0.5844768439108061, 'specificity': 0.39622641509433965, 'sensitivity': 0.7727272727272727, 'auc': 0.6460120068610635, 'confusion_matrix': [[168, 256], [35, 119]]}, 'duration_seconds': 107.39756291598314}, {'epoch': 46, 'train': {'loss': 0.7312986216237468, 'balanced_accuracy': 0.5541101289905601, 'specificity': 0.452004041764904, 'sensitivity': 0.6562162162162162, 'auc': 0.5685556152312636, 'confusion_matrix': [[1342, 1627], [318, 607]]}, 'differential_privacy': {'epsilon': 4.768167866540182, 'delta': 1e-05}, 'validation': {'loss': 0.6908180236816406, 'balanced_accuracy': 0.5776923548149964, 'specificity': 0.3891509433962264, 'sensitivity': 0.7662337662337663, 'auc': 0.6453994119088458, 'confusion_matrix': [[165, 259], [36, 118]]}, 'duration_seconds': 106.4198088060075}, {'epoch': 47, 'train': {'loss': 0.7375659961854258, 'balanced_accuracy': 0.5339036649285575, 'specificity': 0.4327158336246068, 'sensitivity': 0.635091496232508, 'auc': 0.5436618584286885, 'confusion_matrix': [[1238, 1623], [339, 590]]}, 'differential_privacy': {'epsilon': 4.825232236157504, 'delta': 1e-05}, 'validation': {'loss': 0.6907274723052979, 'balanced_accuracy': 0.581230090664053, 'specificity': 0.39622641509433965, 'sensitivity': 0.7662337662337663, 'auc': 0.6468236951727517, 'confusion_matrix': [[168, 256], [36, 118]]}, 'duration_seconds': 98.63521137597854}, {'epoch': 48, 'train': {'loss': 0.7368564394212538, 'balanced_accuracy': 0.5219806423366795, 'specificity': 0.4454764361885105, 'sensitivity': 0.5984848484848485, 'auc': 0.5469626978914904, 'confusion_matrix': [[1295, 1612], [371, 553]]}, 'differential_privacy': {'epsilon': 4.881829947325491, 'delta': 1e-05}, 'validation': {'loss': 0.6907848715782166, 'balanced_accuracy': 0.5747518990443519, 'specificity': 0.37028301886792453, 'sensitivity': 0.7792207792207793, 'auc': 0.6452462631707915, 'confusion_matrix': [[157, 267], [34, 120]]}, 'duration_seconds': 102.94939810800133}, {'epoch': 49, 'train': {'loss': 0.7331281054404474, 'balanced_accuracy': 0.5329370291592872, 'specificity': 0.4317032040472175, 'sensitivity': 0.6341708542713568, 'auc': 0.5506232681112138, 'confusion_matrix': [[1280, 1685], [364, 631]]}, 'differential_privacy': {'epsilon': 4.9379752568456, 'delta': 1e-05}, 'validation': {'loss': 0.6908147215843201, 'balanced_accuracy': 0.5712141631952953, 'specificity': 0.3632075471698113, 'sensitivity': 0.7792207792207793, 'auc': 0.6441589071306053, 'confusion_matrix': [[154, 270], [34, 120]]}, 'duration_seconds': 114.65860805602279}, {'epoch': 50, 'train': {'loss': 0.732988828612912, 'balanced_accuracy': 0.5471067280332126, 'specificity': 0.4404109589041096, 'sensitivity': 0.6538024971623155, 'auc': 0.562102529815123, 'confusion_matrix': [[1286, 1634], [305, 576]]}, 'differential_privacy': {'epsilon': 4.993681719535633, 'delta': 1e-05}, 'validation': {'loss': 0.691214120388031, 'balanced_accuracy': 0.5700042881646655, 'specificity': 0.41273584905660377, 'sensitivity': 0.7272727272727273, 'auc': 0.6470534182798333, 'confusion_matrix': [[175, 249], [42, 112]]}, 'duration_seconds': 93.62548667899682}]",37,Adam,false,,,,,,,true,target_epsilon,1.35498046875,5.0,1e-05,250.0,true,flat,hooks,0.5912766478804214,0.6369609164420484,0.8051948051948052,0.37735849056603776,0.6923732399940491,0.5758424498044902,0.6125975718700116,0.7839506172839507,0.36773428232502964,0.6881095111370087,0.56232151487193,0.5932735820043057,0.7901234567901234,0.33451957295373663,0.6934349060058593,4.993681719535633,00:01:46,01:28:02
centralized_runs/archive/2026-05-24/fullbackbone_dp_targeteps_clip_sweep_20260524_002905/adam_fullbackbone_dp_targeteps5_clip300_b128_e50_seed42_20260524_002905,adam_fullbackbone_dp_targeteps5_clip300_b128_e50_seed42_20260524_002905,completed,PersistentDataset cache reused from shadow_runs/cache/convnext_256_ras_scale_v1,,,,,"[{'epoch': 1, 'train': {'loss': 0.7659465362948756, 'balanced_accuracy': 0.5007169176860646, 'specificity': 0.47060833902939164, 'sensitivity': 0.5308254963427377, 'auc': 0.49346881738401294, 'confusion_matrix': [[1377, 1549], [449, 508]]}, 'differential_privacy': {'epsilon': 0.7697666306172894, 'delta': 1e-05}, 'validation': {'loss': 0.717395293712616, 'balanced_accuracy': 0.5275361431021808, 'specificity': 0.35377358490566035, 'sensitivity': 0.7012987012987013, 'auc': 0.5009954667973536, 'confusion_matrix': [[150, 274], [46, 108]]}, 'duration_seconds': 97.60372683199239}, {'epoch': 2, 'train': {'loss': 0.7716874364883669, 'balanced_accuracy': 0.48593556008031047, 'specificity': 0.4431477159053018, 'sensitivity': 0.5287234042553192, 'auc': 0.48066234844238864, 'confusion_matrix': [[1329, 1670], [443, 497]]}, 'differential_privacy': {'epsilon': 1.012341265936871, 'delta': 1e-05}, 'validation': {'loss': 0.7158483862876892, 'balanced_accuracy': 0.5198940210732663, 'specificity': 0.29952830188679247, 'sensitivity': 0.7402597402597403, 'auc': 0.5045025728987993, 'confusion_matrix': [[127, 297], [40, 114]]}, 'duration_seconds': 122.69884670799365}, {'epoch': 3, 'train': {'loss': 0.7658856030433409, 'balanced_accuracy': 0.5000533199601109, 'specificity': 0.4297603195739015, 'sensitivity': 0.5703463203463204, 'auc': 0.49942789123880993, 'confusion_matrix': [[1291, 1713], [397, 527]]}, 'differential_privacy': {'epsilon': 1.2059361016394932, 'delta': 1e-05}, 'validation': {'loss': 0.7153881907463073, 'balanced_accuracy': 0.5187147757902475, 'specificity': 0.2971698113207547, 'sensitivity': 0.7402597402597403, 'auc': 0.5052836314628767, 'confusion_matrix': [[126, 298], [40, 114]]}, 'duration_seconds': 102.07753921102267}, {'epoch': 4, 'train': {'loss': 0.7676769418101157, 'balanced_accuracy': 0.48913526330413315, 'specificity': 0.4401305057096248, 'sensitivity': 0.5381400208986415, 'auc': 0.4892934520430724, 'confusion_matrix': [[1349, 1716], [442, 515]]}, 'differential_privacy': {'epsilon': 1.3732476713160413, 'delta': 1e-05}, 'validation': {'loss': 0.714687705039978, 'balanced_accuracy': 0.5278577554520951, 'specificity': 0.3089622641509434, 'sensitivity': 0.7467532467532467, 'auc': 0.510582577799559, 'confusion_matrix': [[131, 293], [39, 115]]}, 'duration_seconds': 118.06138586899033}, {'epoch': 5, 'train': {'loss': 0.7581256435763452, 'balanced_accuracy': 0.5105581693080289, 'specificity': 0.43332190606787796, 'sensitivity': 0.5877944325481799, 'auc': 0.5077240484232209, 'confusion_matrix': [[1264, 1653], [385, 549]]}, 'differential_privacy': {'epsilon': 1.523362882849453, 'delta': 1e-05}, 'validation': {'loss': 0.7136265158653259, 'balanced_accuracy': 0.519603038470963, 'specificity': 0.29245283018867924, 'sensitivity': 0.7467532467532467, 'auc': 0.5137833864248958, 'confusion_matrix': [[124, 300], [39, 115]]}, 'duration_seconds': 98.02855543399346}, {'epoch': 6, 'train': {'loss': 0.764842108372719, 'balanced_accuracy': 0.5075439190687276, 'specificity': 0.43248871919472404, 'sensitivity': 0.5825991189427313, 'auc': 0.497734282179921, 'confusion_matrix': [[1246, 1635], [379, 529]]}, 'differential_privacy': {'epsilon': 1.661063561892472, 'delta': 1e-05}, 'validation': {'loss': 0.7126972198486328, 'balanced_accuracy': 0.517550845381034, 'specificity': 0.2688679245283019, 'sensitivity': 0.7662337662337663, 'auc': 0.5177346238666993, 'confusion_matrix': [[114, 310], [36, 118]]}, 'duration_seconds': 96.09736437202082}, {'epoch': 7, 'train': {'loss': 0.7639806539781632, 'balanced_accuracy': 0.4965121040470318, 'specificity': 0.42660550458715596, 'sensitivity': 0.5664187035069076, 'auc': 0.489088021046995, 'confusion_matrix': [[1209, 1625], [408, 533]]}, 'differential_privacy': {'epsilon': 1.7892451578624213, 'delta': 1e-05}, 'validation': {'loss': 0.7120979189872741, 'balanced_accuracy': 0.518730090664053, 'specificity': 0.27122641509433965, 'sensitivity': 0.7662337662337663, 'auc': 0.5214101935800048, 'confusion_matrix': [[115, 309], [36, 118]]}, 'duration_seconds': 96.66347046301235}, {'epoch': 8, 'train': {'loss': 0.7658542452319976, 'balanced_accuracy': 0.4952327609275373, 'specificity': 0.4315466029361557, 'sensitivity': 0.5589189189189189, 'auc': 0.480858885515765, 'confusion_matrix': [[1264, 1665], [408, 517]]}, 'differential_privacy': {'epsilon': 1.9098214051048794, 'delta': 1e-05}, 'validation': {'loss': 0.7114243149757385, 'balanced_accuracy': 0.5202003185493751, 'specificity': 0.2806603773584906, 'sensitivity': 0.7597402597402597, 'auc': 0.5262650085763294, 'confusion_matrix': [[119, 305], [37, 117]]}, 'duration_seconds': 95.84287554299226}, {'epoch': 9, 'train': {'loss': 0.7669133870832382, 'balanced_accuracy': 0.49012426703195106, 'specificity': 0.418212478920742, 'sensitivity': 0.5620360551431601, 'auc': 0.4883039848068398, 'confusion_matrix': [[1240, 1725], [413, 530]]}, 'differential_privacy': {'epsilon': 2.0241367145620113, 'delta': 1e-05}, 'validation': {'loss': 0.7114290356636047, 'balanced_accuracy': 0.517550845381034, 'specificity': 0.2688679245283019, 'sensitivity': 0.7662337662337663, 'auc': 0.5249938740504778, 'confusion_matrix': [[114, 310], [36, 118]]}, 'duration_seconds': 104.007406395016}, {'epoch': 10, 'train': {'loss': 0.7637380476920835, 'balanced_accuracy': 0.5002185577563294, 'specificity': 0.41843255970400267, 'sensitivity': 0.5820045558086561, 'auc': 0.5011437408966193, 'confusion_matrix': [[1244, 1729], [367, 511]]}, 'differential_privacy': {'epsilon': 2.13317892958498, 'delta': 1e-05}, 'validation': {'loss': 0.7110685348510742, 'balanced_accuracy': 0.5160806174957118, 'specificity': 0.25943396226415094, 'sensitivity': 0.7727272727272727, 'auc': 0.5266631952952708, 'confusion_matrix': [[110, 314], [35, 119]]}, 'duration_seconds': 108.37151745700976}, {'epoch': 11, 'train': {'loss': 0.7656157958892084, 'balanced_accuracy': 0.49208937472195236, 'specificity': 0.4098471986417657, 'sensitivity': 0.574331550802139, 'auc': 0.4822621501139428, 'confusion_matrix': [[1207, 1738], [398, 537]]}, 'differential_privacy': {'epsilon': 2.2376994037108973, 'delta': 1e-05}, 'validation': {'loss': 0.7111278891563415, 'balanced_accuracy': 0.517550845381034, 'specificity': 0.2688679245283019, 'sensitivity': 0.7662337662337663, 'auc': 0.5257136731193336, 'confusion_matrix': [[114, 310], [36, 118]]}, 'duration_seconds': 107.93781520897755}, {'epoch': 12, 'train': {'loss': 0.7745426047232843, 'balanced_accuracy': 0.46841741210908133, 'specificity': 0.4120823489706379, 'sensitivity': 0.5247524752475248, 'auc': 0.4697670239518046, 'confusion_matrix': [[1221, 1742], [432, 477]]}, 'differential_privacy': {'epsilon': 2.3382855964476046, 'delta': 1e-05}, 'validation': {'loss': 0.7107714653015137, 'balanced_accuracy': 0.5187147757902475, 'specificity': 0.2971698113207547, 'sensitivity': 0.7402597402597403, 'auc': 0.5300324675324676, 'confusion_matrix': [[126, 298], [40, 114]]}, 'duration_seconds': 100.16231370699825}, {'epoch': 13, 'train': {'loss': 0.7627805125328803, 'balanced_accuracy': 0.49181439639513636, 'specificity': 0.4300376325692781, 'sensitivity': 0.5535911602209945, 'auc': 0.4890128396807186, 'confusion_matrix': [[1257, 1666], [404, 501]]}, 'differential_privacy': {'epsilon': 2.4354071884219053, 'delta': 1e-05}, 'validation': {'loss': 0.710735535621643, 'balanced_accuracy': 0.5187147757902475, 'specificity': 0.2971698113207547, 'sensitivity': 0.7402597402597403, 'auc': 0.5291442048517521, 'confusion_matrix': [[126, 298], [40, 114]]}, 'duration_seconds': 96.7301273609919}, {'epoch': 14, 'train': {'loss': 0.7717942806982225, 'balanced_accuracy': 0.4794218490895545, 'specificity': 0.41233207027213226, 'sensitivity': 0.5465116279069767, 'auc': 0.4750028038356472, 'confusion_matrix': [[1197, 1706], [390, 470]]}, 'differential_privacy': {'epsilon': 2.529446870586119, 'delta': 1e-05}, 'validation': {'loss': 0.7097391128540039, 'balanced_accuracy': 0.529664910561137, 'specificity': 0.24764150943396226, 'sensitivity': 0.8116883116883117, 'auc': 0.528868537123254, 'confusion_matrix': [[105, 319], [29, 125]]}, 'duration_seconds': 97.24319087099866}, {'epoch': 15, 'train': {'loss': 0.7579154602942928, 'balanced_accuracy': 0.4976706017113598, 'specificity': 0.3816793893129771, 'sensitivity': 0.6136618141097424, 'auc': 0.5044229425720753, 'confusion_matrix': [[1100, 1782], [345, 548]]}, 'differential_privacy': {'epsilon': 2.6207213090214534, 'delta': 1e-05}, 'validation': {'loss': 0.7087759017944336, 'balanced_accuracy': 0.5240443518745406, 'specificity': 0.2688679245283019, 'sensitivity': 0.7792207792207793, 'auc': 0.5347647635383485, 'confusion_matrix': [[114, 310], [34, 120]]}, 'duration_seconds': 101.43196068899124}, {'epoch': 16, 'train': {'loss': 0.7563445933403508, 'balanced_accuracy': 0.5040254434219755, 'specificity': 0.4206023271731691, 'sensitivity': 0.5874485596707819, 'auc': 0.5032360579455415, 'confusion_matrix': [[1229, 1693], [401, 571]]}, 'differential_privacy': {'epsilon': 2.709496156376761, 'delta': 1e-05}, 'validation': {'loss': 0.7085615992546082, 'balanced_accuracy': 0.5278883851997059, 'specificity': 0.25707547169811323, 'sensitivity': 0.7987012987012987, 'auc': 0.5347800784121539, 'confusion_matrix': [[109, 315], [31, 123]]}, 'duration_seconds': 113.71570251099183}, {'epoch': 17, 'train': {'loss': 0.761774932184527, 'balanced_accuracy': 0.49545594446249336, 'specificity': 0.3954183266932271, 'sensitivity': 0.5954935622317596, 'auc': 0.4894566939680477, 'confusion_matrix': [[1191, 1821], [377, 555]]}, 'differential_privacy': {'epsilon': 2.795996859264169, 'delta': 1e-05}, 'validation': {'loss': 0.7089403867721558, 'balanced_accuracy': 0.5234623866699338, 'specificity': 0.25471698113207547, 'sensitivity': 0.7922077922077922, 'auc': 0.5340909090909091, 'confusion_matrix': [[108, 316], [32, 122]]}, 'duration_seconds': 110.6302077099972}, {'epoch': 18, 'train': {'loss': 0.7645671136917607, 'balanced_accuracy': 0.49602375035342794, 'specificity': 0.4033557046979866, 'sensitivity': 0.5886917960088692, 'auc': 0.49275361240494653, 'confusion_matrix': [[1202, 1778], [371, 531]]}, 'differential_privacy': {'epsilon': 2.880416724663862, 'delta': 1e-05}, 'validation': {'loss': 0.7079741477966308, 'balanced_accuracy': 0.5275974025974026, 'specificity': 0.25, 'sensitivity': 0.8051948051948052, 'auc': 0.5385628522420975, 'confusion_matrix': [[106, 318], [30, 124]]}, 'duration_seconds': 108.23228993199882}, {'epoch': 19, 'train': {'loss': 0.755852339729186, 'balanced_accuracy': 0.4946721820958403, 'specificity': 0.401304497082046, 'sensitivity': 0.5880398671096345, 'auc': 0.5045207282890802, 'confusion_matrix': [[1169, 1744], [372, 531]]}, 'differential_privacy': {'epsilon': 2.962923007179877, 'delta': 1e-05}, 'validation': {'loss': 0.7072556018829346, 'balanced_accuracy': 0.5355611369762313, 'specificity': 0.25943396226415094, 'sensitivity': 0.8116883116883117, 'auc': 0.5459446214163195, 'confusion_matrix': [[110, 314], [29, 125]]}, 'duration_seconds': 97.92901936999988}, {'epoch': 20, 'train': {'loss': 0.758473563578821, 'balanced_accuracy': 0.49517883382240263, 'specificity': 0.4143664782174925, 'sensitivity': 0.5759911894273128, 'auc': 0.4981167291005275, 'confusion_matrix': [[1246, 1761], [385, 523]]}, 'differential_privacy': {'epsilon': 3.0436615820265773, 'delta': 1e-05}, 'validation': {'loss': 0.7065344452857971, 'balanced_accuracy': 0.5287766478804214, 'specificity': 0.25235849056603776, 'sensitivity': 0.8051948051948052, 'auc': 0.5520093114432737, 'confusion_matrix': [[107, 317], [30, 124]]}, 'duration_seconds': 110.22078769200016}, {'epoch': 21, 'train': {'loss': 0.7545001295305067, 'balanced_accuracy': 0.5130722130072789, 'specificity': 0.4279007377598927, 'sensitivity': 0.5982436882546652, 'auc': 0.5107181692423108, 'confusion_matrix': [[1276, 1706], [366, 545]]}, 'differential_privacy': {'epsilon': 3.122760578973055, 'delta': 1e-05}, 'validation': {'loss': 0.7065930962562561, 'balanced_accuracy': 0.5243353344768439, 'specificity': 0.2759433962264151, 'sensitivity': 0.7727272727272727, 'auc': 0.5551182308257779, 'confusion_matrix': [[117, 307], [35, 119]]}, 'duration_seconds': 110.06903127999976}, {'epoch': 22, 'train': {'loss': 0.7531752586364746, 'balanced_accuracy': 0.5075572855793042, 'specificity': 0.4243554952510176, 'sensitivity': 0.5907590759075908, 'auc': 0.5204561500926211, 'confusion_matrix': [[1251, 1697], [372, 537]]}, 'differential_privacy': {'epsilon': 3.2003332744081234, 'delta': 1e-05}, 'validation': {'loss': 0.7066933631896972, 'balanced_accuracy': 0.5243353344768439, 'specificity': 0.2759433962264151, 'sensitivity': 0.7727272727272727, 'auc': 0.5555623621661357, 'confusion_matrix': [[117, 307], [35, 119]]}, 'duration_seconds': 115.86690431597526}, {'epoch': 23, 'train': {'loss': 0.7623586808481524, 'balanced_accuracy': 0.48490291306801453, 'specificity': 0.40998641304347827, 'sensitivity': 0.5598194130925508, 'auc': 0.4885139611345568, 'confusion_matrix': [[1207, 1737], [390, 496]]}, 'differential_privacy': {'epsilon': 3.2764804294158867, 'delta': 1e-05}, 'validation': {'loss': 0.7063169240951538, 'balanced_accuracy': 0.5252235971575594, 'specificity': 0.27122641509433965, 'sensitivity': 0.7792207792207793, 'auc': 0.5563434207302131, 'confusion_matrix': [[115, 309], [34, 120]]}, 'duration_seconds': 101.62818802299444}, {'epoch': 24, 'train': {'loss': 0.7569433085380062, 'balanced_accuracy': 0.5090551860946035, 'specificity': 0.4218958611481976, 'sensitivity': 0.5962145110410094, 'auc': 0.5072336195895263, 'confusion_matrix': [[1264, 1732], [384, 567]]}, 'differential_privacy': {'epsilon': 3.3512921160509737, 'delta': 1e-05}, 'validation': {'loss': 0.7053316593170166, 'balanced_accuracy': 0.519327370742465, 'specificity': 0.25943396226415094, 'sensitivity': 0.7792207792207793, 'auc': 0.5591154128889979, 'confusion_matrix': [[110, 314], [34, 120]]}, 'duration_seconds': 115.31442500199773}, {'epoch': 25, 'train': {'loss': 0.764504478823754, 'balanced_accuracy': 0.4892595270060931, 'specificity': 0.41330166270783847, 'sensitivity': 0.5652173913043478, 'auc': 0.48524070167155986, 'confusion_matrix': [[1218, 1729], [400, 520]]}, 'differential_privacy': {'epsilon': 3.4248492588769652, 'delta': 1e-05}, 'validation': {'loss': 0.7049832224845887, 'balanced_accuracy': 0.5320234011271747, 'specificity': 0.25235849056603776, 'sensitivity': 0.8116883116883117, 'auc': 0.559084783141387, 'confusion_matrix': [[107, 317], [29, 125]]}, 'duration_seconds': 112.05998066600296}, {'epoch': 26, 'train': {'loss': 0.7444238239719022, 'balanced_accuracy': 0.5210277131485397, 'specificity': 0.42861930294906164, 'sensitivity': 0.6134361233480177, 'auc': 0.5301710074878057, 'confusion_matrix': [[1279, 1705], [351, 557]]}, 'differential_privacy': {'epsilon': 3.4972248826492436, 'delta': 1e-05}, 'validation': {'loss': 0.7048672795295715, 'balanced_accuracy': 0.5278883851997059, 'specificity': 0.25707547169811323, 'sensitivity': 0.7987012987012987, 'auc': 0.560340602793433, 'confusion_matrix': [[109, 315], [31, 123]]}, 'duration_seconds': 101.38014944500173}, {'epoch': 27, 'train': {'loss': 0.7664509396399221, 'balanced_accuracy': 0.4906478060378801, 'specificity': 0.4143664782174925, 'sensitivity': 0.5669291338582677, 'auc': 0.48161152286958475, 'confusion_matrix': [[1246, 1761], [385, 504]]}, 'differential_privacy': {'epsilon': 3.568485155819192, 'delta': 1e-05}, 'validation': {'loss': 0.7050451397895813, 'balanced_accuracy': 0.5199093359470718, 'specificity': 0.27358490566037735, 'sensitivity': 0.7662337662337663, 'auc': 0.5619027199215878, 'confusion_matrix': [[116, 308], [36, 118]]}, 'duration_seconds': 101.6613913459878}, {'epoch': 28, 'train': {'loss': 0.7559377185760006, 'balanced_accuracy': 0.5022553740246969, 'specificity': 0.4230899830220713, 'sensitivity': 0.5814207650273224, 'auc': 0.5075985044578659, 'confusion_matrix': [[1246, 1699], [383, 532]]}, 'differential_privacy': {'epsilon': 3.6386902563929593, 'delta': 1e-05}, 'validation': {'loss': 0.7053354144096374, 'balanced_accuracy': 0.5296342808135261, 'specificity': 0.29952830188679247, 'sensitivity': 0.7597402597402597, 'auc': 0.5618567753001715, 'confusion_matrix': [[127, 297], [37, 117]]}, 'duration_seconds': 110.37961365398951}, {'epoch': 29, 'train': {'loss': 0.7607191339615853, 'balanced_accuracy': 0.4868498145985701, 'specificity': 0.4188679245283019, 'sensitivity': 0.5548317046688382, 'auc': 0.4885006415951042, 'confusion_matrix': [[1221, 1694], [410, 511]]}, 'differential_privacy': {'epsilon': 3.7078951192614604, 'delta': 1e-05}, 'validation': {'loss': 0.7052792072296142, 'balanced_accuracy': 0.5370007351139426, 'specificity': 0.32075471698113206, 'sensitivity': 0.7532467532467533, 'auc': 0.5639166258270031, 'confusion_matrix': [[136, 288], [38, 116]]}, 'duration_seconds': 97.42333541801781}, {'epoch': 30, 'train': {'loss': 0.7507344138237738, 'balanced_accuracy': 0.5207979865275002, 'specificity': 0.43937375083277813, 'sensitivity': 0.6022222222222222, 'auc': 0.5217658597971723, 'confusion_matrix': [[1319, 1683], [358, 542]]}, 'differential_privacy': {'epsilon': 3.7761500472156633, 'delta': 1e-05}, 'validation': {'loss': 0.7045591115951538, 'balanced_accuracy': 0.5322837539818672, 'specificity': 0.3113207547169811, 'sensitivity': 0.7532467532467533, 'auc': 0.5683196520460672, 'confusion_matrix': [[132, 292], [38, 116]]}, 'duration_seconds': 113.52440539401141}, {'epoch': 31, 'train': {'loss': 0.757524021210209, 'balanced_accuracy': 0.498326344074451, 'specificity': 0.42728531855955676, 'sensitivity': 0.5693673695893452, 'auc': 0.49986702986217213, 'confusion_matrix': [[1234, 1654], [388, 513]]}, 'differential_privacy': {'epsilon': 3.8435012285588703, 'delta': 1e-05}, 'validation': {'loss': 0.7042266249656677, 'balanced_accuracy': 0.5434942416074492, 'specificity': 0.32075471698113206, 'sensitivity': 0.7662337662337663, 'auc': 0.5726231315853958, 'confusion_matrix': [[136, 288], [36, 118]]}, 'duration_seconds': 98.78726968599949}, {'epoch': 32, 'train': {'loss': 0.7580382920080616, 'balanced_accuracy': 0.49469844386186734, 'specificity': 0.4395053475935829, 'sensitivity': 0.5498915401301518, 'auc': 0.502396665874001, 'confusion_matrix': [[1315, 1677], [415, 507]]}, 'differential_privacy': {'epsilon': 3.909991218561947, 'delta': 1e-05}, 'validation': {'loss': 0.7033907651901246, 'balanced_accuracy': 0.5520552560646901, 'specificity': 0.31839622641509435, 'sensitivity': 0.7857142857142857, 'auc': 0.574307767703994, 'confusion_matrix': [[135, 289], [33, 121]]}, 'duration_seconds': 112.15450812401832}, {'epoch': 33, 'train': {'loss': 0.7528100725143186, 'balanced_accuracy': 0.5065703071227933, 'specificity': 0.4208754208754209, 'sensitivity': 0.5922651933701657, 'auc': 0.5147095262012389, 'confusion_matrix': [[1250, 1720], [369, 536]]}, 'differential_privacy': {'epsilon': 3.9756593112162, 'delta': 1e-05}, 'validation': {'loss': 0.7025951743125916, 'balanced_accuracy': 0.5600189904435188, 'specificity': 0.3278301886792453, 'sensitivity': 0.7922077922077922, 'auc': 0.5796373437882872, 'confusion_matrix': [[139, 285], [32, 122]]}, 'duration_seconds': 116.83379878700362}, {'epoch': 34, 'train': {'loss': 0.7477625896853786, 'balanced_accuracy': 0.5189593922256425, 'specificity': 0.42110655737704916, 'sensitivity': 0.6168122270742358, 'auc': 0.5217964033455031, 'confusion_matrix': [[1233, 1695], [351, 565]]}, 'differential_privacy': {'epsilon': 4.040541895596256, 'delta': 1e-05}, 'validation': {'loss': 0.7023481965065003, 'balanced_accuracy': 0.545577064444989, 'specificity': 0.29245283018867924, 'sensitivity': 0.7987012987012987, 'auc': 0.5795148247978437, 'confusion_matrix': [[124, 300], [31, 123]]}, 'duration_seconds': 104.32788628700655}, {'epoch': 35, 'train': {'loss': 0.7522762610066321, 'balanced_accuracy': 0.49271456419184867, 'specificity': 0.4044865054328777, 'sensitivity': 0.5809426229508197, 'auc': 0.4993902018582682, 'confusion_matrix': [[1154, 1699], [409, 567]]}, 'differential_privacy': {'epsilon': 4.104672719658694, 'delta': 1e-05}, 'validation': {'loss': 0.7011788487434387, 'balanced_accuracy': 0.5514886057338888, 'specificity': 0.2783018867924528, 'sensitivity': 0.8246753246753247, 'auc': 0.5841552315608919, 'confusion_matrix': [[118, 306], [27, 127]]}, 'duration_seconds': 94.41492110298714}, {'epoch': 36, 'train': {'loss': 0.7537694881039281, 'balanced_accuracy': 0.5161707283344055, 'specificity': 0.4163504656778199, 'sensitivity': 0.615990990990991, 'auc': 0.5188656231257127, 'confusion_matrix': [[1207, 1692], [341, 547]]}, 'differential_privacy': {'epsilon': 4.168083184446153, 'delta': 1e-05}, 'validation': {'loss': 0.6987521409988403, 'balanced_accuracy': 0.565042269051703, 'specificity': 0.31839622641509435, 'sensitivity': 0.8116883116883117, 'auc': 0.601078167115903, 'confusion_matrix': [[135, 289], [29, 125]]}, 'duration_seconds': 103.35651100502582}, {'epoch': 37, 'train': {'loss': 0.7565621329892066, 'balanced_accuracy': 0.49342084095652183, 'specificity': 0.41481223922114047, 'sensitivity': 0.5720294426919033, 'auc': 0.49436286231168713, 'confusion_matrix': [[1193, 1683], [407, 544]]}, 'differential_privacy': {'epsilon': 4.230802548850019, 'delta': 1e-05}, 'validation': {'loss': 0.6979607939720154, 'balanced_accuracy': 0.5647359715755942, 'specificity': 0.33726415094339623, 'sensitivity': 0.7922077922077922, 'auc': 0.6076329331046312, 'confusion_matrix': [[143, 281], [32, 122]]}, 'duration_seconds': 98.28973370298627}, {'epoch': 38, 'train': {'loss': 0.7386796359092959, 'balanced_accuracy': 0.5175989390169475, 'specificity': 0.43435754189944137, 'sensitivity': 0.6008403361344538, 'auc': 0.537721600511713, 'confusion_matrix': [[1244, 1620], [380, 572]]}, 'differential_privacy': {'epsilon': 4.292858136952556, 'delta': 1e-05}, 'validation': {'loss': 0.6980183243751525, 'balanced_accuracy': 0.5638477088948787, 'specificity': 0.3419811320754717, 'sensitivity': 0.7857142857142857, 'auc': 0.6074032099975496, 'confusion_matrix': [[145, 279], [33, 121]]}, 'duration_seconds': 99.37692778499331}, {'epoch': 39, 'train': {'loss': 0.7485847011689217, 'balanced_accuracy': 0.5143754502466817, 'specificity': 0.4278879015721121, 'sensitivity': 0.6008629989212514, 'auc': 0.5202293022936866, 'confusion_matrix': [[1252, 1674], [370, 557]]}, 'differential_privacy': {'epsilon': 4.354275499677936, 'delta': 1e-05}, 'validation': {'loss': 0.6970478534698487, 'balanced_accuracy': 0.5732816711590296, 'specificity': 0.3608490566037736, 'sensitivity': 0.7857142857142857, 'auc': 0.6132075471698113, 'confusion_matrix': [[153, 271], [33, 121]]}, 'duration_seconds': 110.00254029597272}, {'epoch': 40, 'train': {'loss': 0.7459843197176533, 'balanced_accuracy': 0.5255838538820614, 'specificity': 0.43283082077051926, 'sensitivity': 0.6183368869936035, 'auc': 0.5282871357498223, 'confusion_matrix': [[1292, 1693], [358, 580]]}, 'differential_privacy': {'epsilon': 4.415078581177066, 'delta': 1e-05}, 'validation': {'loss': 0.6959791779518127, 'balanced_accuracy': 0.5777076696888017, 'specificity': 0.3632075471698113, 'sensitivity': 0.7922077922077922, 'auc': 0.6193488115657927, 'confusion_matrix': [[154, 270], [32, 122]]}, 'duration_seconds': 107.45915550799691}, {'epoch': 41, 'train': {'loss': 0.7444342970848083, 'balanced_accuracy': 0.5136883638116754, 'specificity': 0.44810211622438695, 'sensitivity': 0.5792746113989637, 'auc': 0.5267092615057409, 'confusion_matrix': [[1334, 1643], [406, 559]]}, 'differential_privacy': {'epsilon': 4.475289872849594, 'delta': 1e-05}, 'validation': {'loss': 0.6956173062324524, 'balanced_accuracy': 0.571796128399902, 'specificity': 0.37735849056603776, 'sensitivity': 0.7662337662337663, 'auc': 0.6215694682675814, 'confusion_matrix': [[160, 264], [36, 118]]}, 'duration_seconds': 112.76756968998234}, {'epoch': 42, 'train': {'loss': 0.7427786800169176, 'balanced_accuracy': 0.5277419906550048, 'specificity': 0.44841537424140254, 'sensitivity': 0.6070686070686071, 'auc': 0.5314508644751396, 'confusion_matrix': [[1330, 1636], [378, 584]]}, 'differential_privacy': {'epsilon': 4.534930498149709, 'delta': 1e-05}, 'validation': {'loss': 0.6946074843406678, 'balanced_accuracy': 0.5791625827003185, 'specificity': 0.39858490566037735, 'sensitivity': 0.7597402597402597, 'auc': 0.6281395491301152, 'confusion_matrix': [[169, 255], [37, 117]]}, 'duration_seconds': 109.97219507698901}, {'epoch': 43, 'train': {'loss': 0.7455977412962145, 'balanced_accuracy': 0.5165858702879393, 'specificity': 0.4457667460047603, 'sensitivity': 0.5874049945711184, 'auc': 0.5264900258836377, 'confusion_matrix': [[1311, 1630], [380, 541]]}, 'differential_privacy': {'epsilon': 4.594020365619634, 'delta': 1e-05}, 'validation': {'loss': 0.6942341804504395, 'balanced_accuracy': 0.5729753736829208, 'specificity': 0.37971698113207547, 'sensitivity': 0.7662337662337663, 'auc': 0.6282314383729478, 'confusion_matrix': [[161, 263], [36, 118]]}, 'duration_seconds': 118.19083473700448}, {'epoch': 44, 'train': {'loss': 0.7429251401655136, 'balanced_accuracy': 0.5284499320248265, 'specificity': 0.45536309127248503, 'sensitivity': 0.601536772777168, 'auc': 0.5424768047061197, 'confusion_matrix': [[1367, 1635], [363, 548]]}, 'differential_privacy': {'epsilon': 4.652578228331506, 'delta': 1e-05}, 'validation': {'loss': 0.6931984305381775, 'balanced_accuracy': 0.5871416319529528, 'specificity': 0.38207547169811323, 'sensitivity': 0.7922077922077922, 'auc': 0.6317998039696153, 'confusion_matrix': [[162, 262], [32, 122]]}, 'duration_seconds': 101.45426103900536}, {'epoch': 45, 'train': {'loss': 0.7433124376881507, 'balanced_accuracy': 0.5309321110462787, 'specificity': 0.42921116086806754, 'sensitivity': 0.6326530612244898, 'auc': 0.5333998349054073, 'confusion_matrix': [[1246, 1657], [342, 589]]}, 'differential_privacy': {'epsilon': 4.71062181763583, 'delta': 1e-05}, 'validation': {'loss': 0.6928285598754883, 'balanced_accuracy': 0.571796128399902, 'specificity': 0.37735849056603776, 'sensitivity': 0.7662337662337663, 'auc': 0.6345564812545944, 'confusion_matrix': [[160, 264], [36, 118]]}, 'duration_seconds': 107.37485367199406}, {'epoch': 46, 'train': {'loss': 0.7348036246915017, 'balanced_accuracy': 0.544556998898528, 'specificity': 0.4469518356348939, 'sensitivity': 0.6421621621621622, 'auc': 0.5602902060025671, 'confusion_matrix': [[1327, 1642], [331, 594]]}, 'differential_privacy': {'epsilon': 4.768167866540182, 'delta': 1e-05}, 'validation': {'loss': 0.6928090929985047, 'balanced_accuracy': 0.573572653761333, 'specificity': 0.36792452830188677, 'sensitivity': 0.7792207792207793, 'auc': 0.633040308747856, 'confusion_matrix': [[156, 268], [34, 120]]}, 'duration_seconds': 106.44255138200242}, {'epoch': 47, 'train': {'loss': 0.7427486508123337, 'balanced_accuracy': 0.5317786542527114, 'specificity': 0.4306186648025166, 'sensitivity': 0.6329386437029063, 'auc': 0.5314955326993167, 'confusion_matrix': [[1232, 1629], [341, 588]]}, 'differential_privacy': {'epsilon': 4.825232236157504, 'delta': 1e-05}, 'validation': {'loss': 0.6926847457885742, 'balanced_accuracy': 0.5774013722126929, 'specificity': 0.38207547169811323, 'sensitivity': 0.7727272727272727, 'auc': 0.6356285224209753, 'confusion_matrix': [[162, 262], [35, 119]]}, 'duration_seconds': 98.58630928600905}, {'epoch': 48, 'train': {'loss': 0.7425878605534953, 'balanced_accuracy': 0.5176516380076752, 'specificity': 0.4454764361885105, 'sensitivity': 0.5898268398268398, 'auc': 0.5347239906063436, 'confusion_matrix': [[1295, 1612], [379, 545]]}, 'differential_privacy': {'epsilon': 4.881829947325491, 'delta': 1e-05}, 'validation': {'loss': 0.6926821351051331, 'balanced_accuracy': 0.5747518990443519, 'specificity': 0.37028301886792453, 'sensitivity': 0.7792207792207793, 'auc': 0.6351843910806174, 'confusion_matrix': [[157, 267], [34, 120]]}, 'duration_seconds': 103.06296712500625}, {'epoch': 49, 'train': {'loss': 0.7376605964476063, 'balanced_accuracy': 0.521679222419009, 'specificity': 0.421247892074199, 'sensitivity': 0.6221105527638191, 'auc': 0.5408214766920607, 'confusion_matrix': [[1249, 1716], [376, 619]]}, 'differential_privacy': {'epsilon': 4.9379752568456, 'delta': 1e-05}, 'validation': {'loss': 0.6926495790481567, 'balanced_accuracy': 0.5732816711590296, 'specificity': 0.3608490566037736, 'sensitivity': 0.7857142857142857, 'auc': 0.6345411663807891, 'confusion_matrix': [[153, 271], [33, 121]]}, 'duration_seconds': 114.58082271899912}, {'epoch': 50, 'train': {'loss': 0.7380902613362958, 'balanced_accuracy': 0.5395477974903986, 'specificity': 0.4366438356164384, 'sensitivity': 0.6424517593643587, 'auc': 0.5508365338267535, 'confusion_matrix': [[1275, 1645], [315, 566]]}, 'differential_privacy': {'epsilon': 4.993681719535633, 'delta': 1e-05}, 'validation': {'loss': 0.6926433324813843, 'balanced_accuracy': 0.576497794658172, 'specificity': 0.41273584905660377, 'sensitivity': 0.7402597402597403, 'auc': 0.6390896839010047, 'confusion_matrix': [[175, 249], [40, 114]]}, 'duration_seconds': 93.72630359901814}]",44,Adam,false,,,,,,,true,target_epsilon,1.35498046875,5.0,1e-05,300.0,true,flat,hooks,0.5871416319529528,0.6317998039696153,0.7922077922077922,0.38207547169811323,0.6931984305381775,0.5608881419972761,0.6014271487778804,0.7623456790123457,0.3594306049822064,0.6914045155048371,0.5605366635912306,0.5880270345473984,0.7746913580246914,0.34638196915776986,0.694625586271286,4.993681719535633,00:01:46,01:27:58
centralized_runs/archive/2026-05-24/fullbackbone_dp_targeteps_clip_sweep_20260524_002905/adam_fullbackbone_dp_targeteps5_clip350_b128_e50_seed42_20260524_002905,adam_fullbackbone_dp_targeteps5_clip350_b128_e50_seed42_20260524_002905,completed,PersistentDataset cache reused from shadow_runs/cache/convnext_256_ras_scale_v1,,,,,"[{'epoch': 1, 'train': {'loss': 0.7660134511609231, 'balanced_accuracy': 0.5005362151460155, 'specificity': 0.47129186602870815, 'sensitivity': 0.5297805642633229, 'auc': 0.49342649870615546, 'confusion_matrix': [[1379, 1547], [450, 507]]}, 'differential_privacy': {'epsilon': 0.7697666306172894, 'delta': 1e-05}, 'validation': {'loss': 0.7175312757492065, 'balanced_accuracy': 0.5234011271747121, 'specificity': 0.3584905660377358, 'sensitivity': 0.6883116883116883, 'auc': 0.5007351139426611, 'confusion_matrix': [[152, 272], [48, 106]]}, 'duration_seconds': 97.5756942309963}, {'epoch': 2, 'train': {'loss': 0.7718320488929749, 'balanced_accuracy': 0.4851416784318177, 'specificity': 0.44581527175725244, 'sensitivity': 0.524468085106383, 'auc': 0.48058111569104595, 'confusion_matrix': [[1337, 1662], [447, 493]]}, 'differential_privacy': {'epsilon': 1.012341265936871, 'delta': 1e-05}, 'validation': {'loss': 0.7160950183868409, 'balanced_accuracy': 0.5181174957118353, 'specificity': 0.3089622641509434, 'sensitivity': 0.7272727272727273, 'auc': 0.5041350159274688, 'confusion_matrix': [[131, 293], [42, 112]]}, 'duration_seconds': 122.79646338001476}, {'epoch': 3, 'train': {'loss': 0.7660594198011583, 'balanced_accuracy': 0.5015095313031398, 'specificity': 0.4337549933422104, 'sensitivity': 0.5692640692640693, 'auc': 0.49923532692340955, 'confusion_matrix': [[1303, 1701], [398, 526]]}, 'differential_privacy': {'epsilon': 1.2059361016394932, 'delta': 1e-05}, 'validation': {'loss': 0.7156075835227966, 'balanced_accuracy': 0.517826513109532, 'specificity': 0.3018867924528302, 'sensitivity': 0.7337662337662337, 'auc': 0.5046557216368537, 'confusion_matrix': [[128, 296], [41, 113]]}, 'duration_seconds': 102.20357730798423}, {'epoch': 4, 'train': {'loss': 0.7679691545424923, 'balanced_accuracy': 0.4891991865553209, 'specificity': 0.4433931484502447, 'sensitivity': 0.5350052246603971, 'auc': 0.4891417408602535, 'confusion_matrix': [[1359, 1706], [445, 512]]}, 'differential_privacy': {'epsilon': 1.3732476713160413, 'delta': 1e-05}, 'validation': {'loss': 0.7149517655372619, 'balanced_accuracy': 0.5246110022053418, 'specificity': 0.3089622641509434, 'sensitivity': 0.7402597402597403, 'auc': 0.5098627787307033, 'confusion_matrix': [[131, 293], [40, 114]]}, 'duration_seconds': 118.2873556370032}, {'epoch': 5, 'train': {'loss': 0.7584813391008685, 'balanced_accuracy': 0.5112015953147722, 'specificity': 0.4367500857044909, 'sensitivity': 0.5856531049250535, 'auc': 0.5074707888997452, 'confusion_matrix': [[1274, 1643], [387, 547]]}, 'differential_privacy': {'epsilon': 1.523362882849453, 'delta': 1e-05}, 'validation': {'loss': 0.7139199256896973, 'balanced_accuracy': 0.5243200196030384, 'specificity': 0.3018867924528302, 'sensitivity': 0.7467532467532467, 'auc': 0.5132320509679, 'confusion_matrix': [[128, 296], [39, 115]]}, 'duration_seconds': 97.91234475700185}, {'epoch': 6, 'train': {'loss': 0.7652794699515065, 'balanced_accuracy': 0.5072803434930664, 'specificity': 0.43526553280111074, 'sensitivity': 0.579295154185022, 'auc': 0.4973336625957397, 'confusion_matrix': [[1254, 1627], [382, 526]]}, 'differential_privacy': {'epsilon': 1.661063561892472, 'delta': 1e-05}, 'validation': {'loss': 0.713019847869873, 'balanced_accuracy': 0.5178418279833374, 'specificity': 0.2759433962264151, 'sensitivity': 0.7597402597402597, 'auc': 0.5167851016907621, 'confusion_matrix': [[117, 307], [37, 117]]}, 'duration_seconds': 96.09124465598143}, {'epoch': 7, 'train': {'loss': 0.7645469442490609, 'balanced_accuracy': 0.49561964666187186, 'specificity': 0.43013408609738885, 'sensitivity': 0.5611052072263549, 'auc': 0.4886243556870159, 'confusion_matrix': [[1219, 1615], [413, 528]]}, 'differential_privacy': {'epsilon': 1.7892451578624213, 'delta': 1e-05}, 'validation': {'loss': 0.7125071048736572, 'balanced_accuracy': 0.5166625827003185, 'specificity': 0.27358490566037735, 'sensitivity': 0.7597402597402597, 'auc': 0.5201084293065426, 'confusion_matrix': [[116, 308], [37, 117]]}, 'duration_seconds': 96.72951947100228}, {'epoch': 8, 'train': {'loss': 0.7664854564974385, 'balanced_accuracy': 0.4944078322091296, 'specificity': 0.43530215090474567, 'sensitivity': 0.5535135135135135, 'auc': 0.48024729406771055, 'confusion_matrix': [[1275, 1654], [413, 512]]}, 'differential_privacy': {'epsilon': 1.9098214051048794, 'delta': 1e-05}, 'validation': {'loss': 0.711898946762085, 'balanced_accuracy': 0.5249172996814506, 'specificity': 0.29009433962264153, 'sensitivity': 0.7597402597402597, 'auc': 0.5248713550600342, 'confusion_matrix': [[123, 301], [37, 117]]}, 'duration_seconds': 95.96113199400133}, {'epoch': 9, 'train': {'loss': 0.7675358018567485, 'balanced_accuracy': 0.48935244877047346, 'specificity': 0.4209106239460371, 'sensitivity': 0.5577942735949099, 'auc': 0.48785405553300343, 'confusion_matrix': [[1248, 1717], [417, 526]]}, 'differential_privacy': {'epsilon': 2.0241367145620113, 'delta': 1e-05}, 'validation': {'loss': 0.7119404196739196, 'balanced_accuracy': 0.5258055623621661, 'specificity': 0.28537735849056606, 'sensitivity': 0.7662337662337663, 'auc': 0.5231560891938251, 'confusion_matrix': [[121, 303], [36, 118]]}, 'duration_seconds': 104.33065228600753}, {'epoch': 10, 'train': {'loss': 0.7643786880277819, 'balanced_accuracy': 0.500696473270827, 'specificity': 0.4228052472250252, 'sensitivity': 0.5785876993166287, 'auc': 0.5004627831194494, 'confusion_matrix': [[1257, 1716], [370, 508]]}, 'differential_privacy': {'epsilon': 2.13317892958498, 'delta': 1e-05}, 'validation': {'loss': 0.7115649461746216, 'balanced_accuracy': 0.5207975986277873, 'specificity': 0.2688679245283019, 'sensitivity': 0.7727272727272727, 'auc': 0.524825410438618, 'confusion_matrix': [[114, 310], [35, 119]]}, 'duration_seconds': 108.75855374798994}, {'epoch': 11, 'train': {'loss': 0.7663161869971983, 'balanced_accuracy': 0.4896534505143314, 'specificity': 0.4146010186757216, 'sensitivity': 0.5647058823529412, 'auc': 0.48167055555051164, 'confusion_matrix': [[1221, 1724], [407, 528]]}, 'differential_privacy': {'epsilon': 2.2376994037108973, 'delta': 1e-05}, 'validation': {'loss': 0.7116141796112061, 'balanced_accuracy': 0.5166625827003185, 'specificity': 0.27358490566037735, 'sensitivity': 0.7597402597402597, 'auc': 0.5242893898554275, 'confusion_matrix': [[116, 308], [37, 117]]}, 'duration_seconds': 108.10529106599279}, {'epoch': 12, 'train': {'loss': 0.7754143438031597, 'balanced_accuracy': 0.4674422386551851, 'specificity': 0.4134323320958488, 'sensitivity': 0.5214521452145214, 'auc': 0.468868149049127, 'confusion_matrix': [[1225, 1738], [435, 474]]}, 'differential_privacy': {'epsilon': 2.3382855964476046, 'delta': 1e-05}, 'validation': {'loss': 0.7112661957740783, 'balanced_accuracy': 0.5187147757902475, 'specificity': 0.2971698113207547, 'sensitivity': 0.7402597402597403, 'auc': 0.527750551335457, 'confusion_matrix': [[126, 298], [40, 114]]}, 'duration_seconds': 100.15129129501292}, {'epoch': 13, 'train': {'loss': 0.7636800100726466, 'balanced_accuracy': 0.49067010923084775, 'specificity': 0.43106397536777286, 'sensitivity': 0.5502762430939226, 'auc': 0.4879350852355957, 'confusion_matrix': [[1260, 1663], [407, 498]]}, 'differential_privacy': {'epsilon': 2.4354071884219053, 'delta': 1e-05}, 'validation': {'loss': 0.7112598896026612, 'balanced_accuracy': 0.5154680225434942, 'specificity': 0.2971698113207547, 'sensitivity': 0.7337662337662337, 'auc': 0.5268163440333251, 'confusion_matrix': [[126, 298], [41, 113]]}, 'duration_seconds': 96.65373571799137}, {'epoch': 14, 'train': {'loss': 0.7726485940717882, 'balanced_accuracy': 0.4794647077201612, 'specificity': 0.41474336892869446, 'sensitivity': 0.5441860465116279, 'auc': 0.4742549808137533, 'confusion_matrix': [[1204, 1699], [392, 468]]}, 'differential_privacy': {'epsilon': 2.529446870586119, 'delta': 1e-05}, 'validation': {'loss': 0.7103002548217774, 'balanced_accuracy': 0.5243506493506493, 'specificity': 0.25, 'sensitivity': 0.7987012987012987, 'auc': 0.5262803234501348, 'confusion_matrix': [[106, 318], [31, 123]]}, 'duration_seconds': 97.24861878500087}, {'epoch': 15, 'train': {'loss': 0.7588177496387113, 'balanced_accuracy': 0.49737879552040587, 'specificity': 0.3844552394170715, 'sensitivity': 0.6103023516237402, 'auc': 0.5034325111729521, 'confusion_matrix': [[1108, 1774], [348, 545]]}, 'differential_privacy': {'epsilon': 2.6207213090214534, 'delta': 1e-05}, 'validation': {'loss': 0.7093350410461425, 'balanced_accuracy': 0.5231560891938251, 'specificity': 0.27358490566037735, 'sensitivity': 0.7727272727272727, 'auc': 0.531686473903455, 'confusion_matrix': [[116, 308], [35, 119]]}, 'duration_seconds': 101.39206807297887}, {'epoch': 16, 'train': {'loss': 0.7573959346740476, 'balanced_accuracy': 0.5029966368376133, 'specificity': 0.4206023271731691, 'sensitivity': 0.5853909465020576, 'auc': 0.5019773366795954, 'confusion_matrix': [[1229, 1693], [403, 569]]}, 'differential_privacy': {'epsilon': 2.709496156376761, 'delta': 1e-05}, 'validation': {'loss': 0.709164273738861, 'balanced_accuracy': 0.5281793678020094, 'specificity': 0.2641509433962264, 'sensitivity': 0.7922077922077922, 'auc': 0.5317017887772604, 'confusion_matrix': [[112, 312], [32, 122]]}, 'duration_seconds': 113.75863847200526}, {'epoch': 17, 'train': {'loss': 0.7629735758227687, 'balanced_accuracy': 0.49235247849802505, 'specificity': 0.39243027888446214, 'sensitivity': 0.592274678111588, 'auc': 0.48820775553009704, 'confusion_matrix': [[1182, 1830], [380, 552]]}, 'differential_privacy': {'epsilon': 2.795996859264169, 'delta': 1e-05}, 'validation': {'loss': 0.7095523118972779, 'balanced_accuracy': 0.5225741239892183, 'specificity': 0.25943396226415094, 'sensitivity': 0.7857142857142857, 'auc': 0.5307369517275178, 'confusion_matrix': [[110, 314], [33, 121]]}, 'duration_seconds': 110.75444031800725}, {'epoch': 18, 'train': {'loss': 0.7657541209651578, 'balanced_accuracy': 0.49619153558832724, 'specificity': 0.40369127516778525, 'sensitivity': 0.5886917960088692, 'auc': 0.4914102144377148, 'confusion_matrix': [[1203, 1777], [371, 531]]}, 'differential_privacy': {'epsilon': 2.880416724663862, 'delta': 1e-05}, 'validation': {'loss': 0.7086226582527161, 'balanced_accuracy': 0.5332026464101935, 'specificity': 0.25471698113207547, 'sensitivity': 0.8116883116883117, 'auc': 0.53412153883852, 'confusion_matrix': [[108, 316], [29, 125]]}, 'duration_seconds': 108.28186712702154}, {'epoch': 19, 'train': {'loss': 0.7570768056377288, 'balanced_accuracy': 0.4937751835340033, 'specificity': 0.40061791967044286, 'sensitivity': 0.5869324473975637, 'auc': 0.502935821739261, 'confusion_matrix': [[1167, 1746], [373, 530]]}, 'differential_privacy': {'epsilon': 2.962923007179877, 'delta': 1e-05}, 'validation': {'loss': 0.7078773498535156, 'balanced_accuracy': 0.5308441558441559, 'specificity': 0.25, 'sensitivity': 0.8116883116883117, 'auc': 0.5418249203626562, 'confusion_matrix': [[106, 318], [29, 125]]}, 'duration_seconds': 97.81356103799772}, {'epoch': 20, 'train': {'loss': 0.7596389343661647, 'balanced_accuracy': 0.49329794356486845, 'specificity': 0.41170601928832723, 'sensitivity': 0.5748898678414097, 'auc': 0.4966363360675311, 'confusion_matrix': [[1238, 1769], [386, 522]]}, 'differential_privacy': {'epsilon': 3.0436615820265773, 'delta': 1e-05}, 'validation': {'loss': 0.7071170806884766, 'balanced_accuracy': 0.5264181573143838, 'specificity': 0.24764150943396226, 'sensitivity': 0.8051948051948052, 'auc': 0.547629257534918, 'confusion_matrix': [[105, 319], [30, 124]]}, 'duration_seconds': 110.20207000200753}, {'epoch': 21, 'train': {'loss': 0.7556749716881783, 'balanced_accuracy': 0.5138345624423453, 'specificity': 0.4272300469483568, 'sensitivity': 0.6004390779363337, 'auc': 0.5094631086924033, 'confusion_matrix': [[1274, 1708], [364, 547]]}, 'differential_privacy': {'epsilon': 3.122760578973055, 'delta': 1e-05}, 'validation': {'loss': 0.7071477890014648, 'balanced_accuracy': 0.5287613330066161, 'specificity': 0.2783018867924528, 'sensitivity': 0.7792207792207793, 'auc': 0.5517489585885812, 'confusion_matrix': [[118, 306], [34, 120]]}, 'duration_seconds': 110.28967116499553}, {'epoch': 22, 'train': {'loss': 0.7543817162513733, 'balanced_accuracy': 0.507218072553524, 'specificity': 0.42367706919945725, 'sensitivity': 0.5907590759075908, 'auc': 0.5191470639601274, 'confusion_matrix': [[1249, 1699], [372, 537]]}, 'differential_privacy': {'epsilon': 3.2003332744081234, 'delta': 1e-05}, 'validation': {'loss': 0.7072708964347839, 'balanced_accuracy': 0.5243353344768439, 'specificity': 0.2759433962264151, 'sensitivity': 0.7727272727272727, 'auc': 0.5511363636363635, 'confusion_matrix': [[117, 307], [35, 119]]}, 'duration_seconds': 115.87876477302052}, {'epoch': 23, 'train': {'loss': 0.7638147300289523, 'balanced_accuracy': 0.4843934021984493, 'specificity': 0.40896739130434784, 'sensitivity': 0.5598194130925508, 'auc': 0.4869145033860045, 'confusion_matrix': [[1204, 1740], [390, 496]]}, 'differential_privacy': {'epsilon': 3.2764804294158867, 'delta': 1e-05}, 'validation': {'loss': 0.7069228053092956, 'balanced_accuracy': 0.5216858613085028, 'specificity': 0.2641509433962264, 'sensitivity': 0.7792207792207793, 'auc': 0.5517642734623867, 'confusion_matrix': [[112, 312], [34, 120]]}, 'duration_seconds': 101.52770191500895}, {'epoch': 24, 'train': {'loss': 0.7585393382656959, 'balanced_accuracy': 0.5060925959463652, 'specificity': 0.4212283044058745, 'sensitivity': 0.5909568874868559, 'auc': 0.505082135451545, 'confusion_matrix': [[1262, 1734], [389, 562]]}, 'differential_privacy': {'epsilon': 3.3512921160509737, 'delta': 1e-05}, 'validation': {'loss': 0.7060097694396973, 'balanced_accuracy': 0.519327370742465, 'specificity': 0.25943396226415094, 'sensitivity': 0.7792207792207793, 'auc': 0.5543678020093115, 'confusion_matrix': [[110, 314], [34, 120]]}, 'duration_seconds': 115.18205932198907}, {'epoch': 25, 'train': {'loss': 0.766105100031822, 'balanced_accuracy': 0.48341921039819413, 'specificity': 0.40922972514421446, 'sensitivity': 0.5576086956521739, 'auc': 0.4832512060902023, 'confusion_matrix': [[1206, 1741], [407, 513]]}, 'differential_privacy': {'epsilon': 3.4248492588769652, 'delta': 1e-05}, 'validation': {'loss': 0.7057574272155762, 'balanced_accuracy': 0.5332026464101935, 'specificity': 0.25471698113207547, 'sensitivity': 0.8116883116883117, 'auc': 0.5543831168831169, 'confusion_matrix': [[108, 316], [29, 125]]}, 'duration_seconds': 112.29138809099095}, {'epoch': 26, 'train': {'loss': 0.7459862097617118, 'balanced_accuracy': 0.520477052355588, 'specificity': 0.42861930294906164, 'sensitivity': 0.6123348017621145, 'auc': 0.5282010664808494, 'confusion_matrix': [[1279, 1705], [352, 556]]}, 'differential_privacy': {'epsilon': 3.4972248826492436, 'delta': 1e-05}, 'validation': {'loss': 0.7055803894996643, 'balanced_accuracy': 0.5231714040676305, 'specificity': 0.24764150943396226, 'sensitivity': 0.7987012987012987, 'auc': 0.5561136976231316, 'confusion_matrix': [[105, 319], [31, 123]]}, 'duration_seconds': 101.64262561500072}, {'epoch': 27, 'train': {'loss': 0.7683697227508791, 'balanced_accuracy': 0.49077499333201907, 'specificity': 0.41237113402061853, 'sensitivity': 0.5691788526434196, 'auc': 0.4795015230678473, 'confusion_matrix': [[1240, 1767], [383, 506]]}, 'differential_privacy': {'epsilon': 3.568485155819192, 'delta': 1e-05}, 'validation': {'loss': 0.7057086229324341, 'balanced_accuracy': 0.5284703504043127, 'specificity': 0.27122641509433965, 'sensitivity': 0.7857142857142857, 'auc': 0.5575609531977457, 'confusion_matrix': [[115, 309], [33, 121]]}, 'duration_seconds': 101.66500921500847}, {'epoch': 28, 'train': {'loss': 0.7576083098688433, 'balanced_accuracy': 0.5001438021282715, 'specificity': 0.42105263157894735, 'sensitivity': 0.5792349726775956, 'auc': 0.5053704064497574, 'confusion_matrix': [[1240, 1705], [385, 530]]}, 'differential_privacy': {'epsilon': 3.6386902563929593, 'delta': 1e-05}, 'validation': {'loss': 0.7059995055198669, 'balanced_accuracy': 0.5225588091154129, 'specificity': 0.28537735849056606, 'sensitivity': 0.7597402597402597, 'auc': 0.5572163685371233, 'confusion_matrix': [[121, 303], [37, 117]]}, 'duration_seconds': 110.56183031797991}, {'epoch': 29, 'train': {'loss': 0.7626156537763534, 'balanced_accuracy': 0.4861637082520863, 'specificity': 0.41749571183533446, 'sensitivity': 0.5548317046688382, 'auc': 0.4859331437415145, 'confusion_matrix': [[1217, 1698], [410, 511]]}, 'differential_privacy': {'epsilon': 3.7078951192614604, 'delta': 1e-05}, 'validation': {'loss': 0.7059025406837464, 'balanced_accuracy': 0.5331720166625826, 'specificity': 0.30660377358490565, 'sensitivity': 0.7597402597402597, 'auc': 0.5592838765008575, 'confusion_matrix': [[130, 294], [37, 117]]}, 'duration_seconds': 97.2323856659932}, {'epoch': 30, 'train': {'loss': 0.752406410632595, 'balanced_accuracy': 0.516742542009031, 'specificity': 0.4390406395736176, 'sensitivity': 0.5944444444444444, 'auc': 0.5199169072470204, 'confusion_matrix': [[1318, 1684], [365, 535]]}, 'differential_privacy': {'epsilon': 3.7761500472156633, 'delta': 1e-05}, 'validation': {'loss': 0.7052815318107605, 'balanced_accuracy': 0.5317017887772605, 'specificity': 0.2971698113207547, 'sensitivity': 0.7662337662337663, 'auc': 0.56162705219309, 'confusion_matrix': [[126, 298], [36, 118]]}, 'duration_seconds': 113.83639396299259}, {'epoch': 31, 'train': {'loss': 0.759421794645248, 'balanced_accuracy': 0.4941666077396306, 'specificity': 0.4245152354570637, 'sensitivity': 0.5638179800221975, 'auc': 0.4972967862731775, 'confusion_matrix': [[1226, 1662], [393, 508]]}, 'differential_privacy': {'epsilon': 3.8435012285588703, 'delta': 1e-05}, 'validation': {'loss': 0.70497065782547, 'balanced_accuracy': 0.5399565057583926, 'specificity': 0.3136792452830189, 'sensitivity': 0.7662337662337663, 'auc': 0.5659917912276403, 'confusion_matrix': [[133, 291], [36, 118]]}, 'duration_seconds': 98.87177142500877}, {'epoch': 32, 'train': {'loss': 0.7599030137062073, 'balanced_accuracy': 0.49290117101859476, 'specificity': 0.43482620320855614, 'sensitivity': 0.5509761388286334, 'auc': 0.49973664406602714, 'confusion_matrix': [[1301, 1691], [414, 508]]}, 'differential_privacy': {'epsilon': 3.909991218561947, 'delta': 1e-05}, 'validation': {'loss': 0.7041850090026855, 'balanced_accuracy': 0.543800539083558, 'specificity': 0.3018867924528302, 'sensitivity': 0.7857142857142857, 'auc': 0.5676304827248223, 'confusion_matrix': [[128, 296], [33, 121]]}, 'duration_seconds': 112.27668555700802}, {'epoch': 33, 'train': {'loss': 0.7549032434340446, 'balanced_accuracy': 0.5057759919638373, 'specificity': 0.41818181818181815, 'sensitivity': 0.5933701657458563, 'auc': 0.5115278010305635, 'confusion_matrix': [[1242, 1728], [368, 537]]}, 'differential_privacy': {'epsilon': 3.9756593112162, 'delta': 1e-05}, 'validation': {'loss': 0.7035112500190734, 'balanced_accuracy': 0.5508760107816711, 'specificity': 0.3160377358490566, 'sensitivity': 0.7857142857142857, 'auc': 0.5727456505758394, 'confusion_matrix': [[134, 290], [33, 121]]}, 'duration_seconds': 116.86361546898843}, {'epoch': 34, 'train': {'loss': 0.7498171714044386, 'balanced_accuracy': 0.5167058904240341, 'specificity': 0.4176912568306011, 'sensitivity': 0.6157205240174672, 'auc': 0.5186722981840742, 'confusion_matrix': [[1223, 1705], [352, 564]]}, 'differential_privacy': {'epsilon': 4.040541895596256, 'delta': 1e-05}, 'validation': {'loss': 0.7032967925071716, 'balanced_accuracy': 0.5464653271257045, 'specificity': 0.28773584905660377, 'sensitivity': 0.8051948051948052, 'auc': 0.5721177407498163, 'confusion_matrix': [[122, 302], [30, 124]]}, 'duration_seconds': 104.31265221899957}, {'epoch': 35, 'train': {'loss': 0.7549755015680867, 'balanced_accuracy': 0.4873624901599122, 'specificity': 0.3999298983526113, 'sensitivity': 0.5747950819672131, 'auc': 0.4949020085271184, 'confusion_matrix': [[1141, 1712], [415, 561]]}, 'differential_privacy': {'epsilon': 4.104672719658694, 'delta': 1e-05}, 'validation': {'loss': 0.7024485111236572, 'balanced_accuracy': 0.5420546434697378, 'specificity': 0.25943396226415094, 'sensitivity': 0.8246753246753247, 'auc': 0.5758851997059544, 'confusion_matrix': [[110, 314], [27, 127]]}, 'duration_seconds': 94.31739394599572}, {'epoch': 36, 'train': {'loss': 0.7570039303072037, 'balanced_accuracy': 0.512629976475268, 'specificity': 0.41152121421179716, 'sensitivity': 0.6137387387387387, 'auc': 0.5126495933670822, 'confusion_matrix': [[1193, 1706], [343, 545]]}, 'differential_privacy': {'epsilon': 4.168083184446153, 'delta': 1e-05}, 'validation': {'loss': 0.700719702243805, 'balanced_accuracy': 0.5559146042636609, 'specificity': 0.2806603773584906, 'sensitivity': 0.8311688311688312, 'auc': 0.5877618843420731, 'confusion_matrix': [[119, 305], [26, 128]]}, 'duration_seconds': 103.52550298999995}, {'epoch': 37, 'train': {'loss': 0.7592279737995516, 'balanced_accuracy': 0.4883665024299142, 'specificity': 0.40785813630041723, 'sensitivity': 0.5688748685594112, 'auc': 0.4888858664256496, 'confusion_matrix': [[1173, 1703], [410, 541]]}, 'differential_privacy': {'epsilon': 4.230802548850019, 'delta': 1e-05}, 'validation': {'loss': 0.7001775622367858, 'balanced_accuracy': 0.5570785346728744, 'specificity': 0.3089622641509434, 'sensitivity': 0.8051948051948052, 'auc': 0.5933901004655721, 'confusion_matrix': [[131, 293], [30, 124]]}, 'duration_seconds': 98.33248480100883}, {'epoch': 38, 'train': {'loss': 0.7414183770456622, 'balanced_accuracy': 0.5134089948828693, 'specificity': 0.4259776536312849, 'sensitivity': 0.6008403361344538, 'auc': 0.5316292368902868, 'confusion_matrix': [[1220, 1644], [380, 572]]}, 'differential_privacy': {'epsilon': 4.292858136952556, 'delta': 1e-05}, 'validation': {'loss': 0.700385582447052, 'balanced_accuracy': 0.559437025238912, 'specificity': 0.3136792452830189, 'sensitivity': 0.8051948051948052, 'auc': 0.5919351874540555, 'confusion_matrix': [[133, 291], [30, 124]]}, 'duration_seconds': 99.53705907100812}, {'epoch': 39, 'train': {'loss': 0.7516169317307011, 'balanced_accuracy': 0.5121539874989032, 'specificity': 0.423444976076555, 'sensitivity': 0.6008629989212514, 'auc': 0.5146062419951025, 'confusion_matrix': [[1239, 1687], [370, 557]]}, 'differential_privacy': {'epsilon': 4.354275499677936, 'delta': 1e-05}, 'validation': {'loss': 0.6996192216873169, 'balanced_accuracy': 0.5603099730458221, 'specificity': 0.33490566037735847, 'sensitivity': 0.7857142857142857, 'auc': 0.5985971575594218, 'confusion_matrix': [[142, 282], [33, 121]]}, 'duration_seconds': 110.10190820298158}, {'epoch': 40, 'train': {'loss': 0.7489166086719882, 'balanced_accuracy': 0.519339947784409, 'specificity': 0.42780569514237854, 'sensitivity': 0.6108742004264393, 'auc': 0.5223648448354066, 'confusion_matrix': [[1277, 1708], [365, 573]]}, 'differential_privacy': {'epsilon': 4.415078581177066, 'delta': 1e-05}, 'validation': {'loss': 0.6982461929321289, 'balanced_accuracy': 0.5673854447439353, 'specificity': 0.3490566037735849, 'sensitivity': 0.7857142857142857, 'auc': 0.607173486890468, 'confusion_matrix': [[148, 276], [33, 121]]}, 'duration_seconds': 107.62495203199796}, {'epoch': 41, 'train': {'loss': 0.7472882982223265, 'balanced_accuracy': 0.5094324188380346, 'specificity': 0.44373530399731276, 'sensitivity': 0.5751295336787565, 'auc': 0.5208164146191614, 'confusion_matrix': [[1321, 1656], [410, 555]]}, 'differential_privacy': {'epsilon': 4.475289872849594, 'delta': 1e-05}, 'validation': {'loss': 0.6977503776550293, 'balanced_accuracy': 0.5667881646655232, 'specificity': 0.3608490566037736, 'sensitivity': 0.7727272727272727, 'auc': 0.6099148493016417, 'confusion_matrix': [[153, 271], [35, 119]]}, 'duration_seconds': 113.0547856670164}, {'epoch': 42, 'train': {'loss': 0.7458485730232731, 'balanced_accuracy': 0.5197911745450519, 'specificity': 0.4470667565745111, 'sensitivity': 0.5925155925155925, 'auc': 0.5250037500543232, 'confusion_matrix': [[1326, 1640], [392, 570]]}, 'differential_privacy': {'epsilon': 4.534930498149709, 'delta': 1e-05}, 'validation': {'loss': 0.6963955760002136, 'balanced_accuracy': 0.5729753736829208, 'specificity': 0.37971698113207547, 'sensitivity': 0.7662337662337663, 'auc': 0.6181236216613576, 'confusion_matrix': [[161, 263], [36, 118]]}, 'duration_seconds': 110.20809255298809}, {'epoch': 43, 'train': {'loss': 0.7478767364255844, 'balanced_accuracy': 0.5117655919290011, 'specificity': 0.4437266235974158, 'sensitivity': 0.5798045602605864, 'auc': 0.5223532955951298, 'confusion_matrix': [[1305, 1636], [387, 534]]}, 'differential_privacy': {'epsilon': 4.594020365619634, 'delta': 1e-05}, 'validation': {'loss': 0.6958751797676086, 'balanced_accuracy': 0.5670791472678265, 'specificity': 0.36792452830188677, 'sensitivity': 0.7662337662337663, 'auc': 0.6195938495466798, 'confusion_matrix': [[156, 268], [36, 118]]}, 'duration_seconds': 118.17268275198876}, {'epoch': 44, 'train': {'loss': 0.7453889519937577, 'balanced_accuracy': 0.5245588195502303, 'specificity': 0.4563624250499667, 'sensitivity': 0.5927552140504939, 'auc': 0.5376986143887975, 'confusion_matrix': [[1370, 1632], [371, 540]]}, 'differential_privacy': {'epsilon': 4.652578228331506, 'delta': 1e-05}, 'validation': {'loss': 0.6946119904518128, 'balanced_accuracy': 0.5803571428571428, 'specificity': 0.375, 'sensitivity': 0.7857142857142857, 'auc': 0.6249081107571675, 'confusion_matrix': [[159, 265], [33, 121]]}, 'duration_seconds': 101.36745667702053}, {'epoch': 45, 'train': {'loss': 0.7458644028632871, 'balanced_accuracy': 0.5277802547311146, 'specificity': 0.43472270065449536, 'sensitivity': 0.6208378088077336, 'auc': 0.5286586378845101, 'confusion_matrix': [[1262, 1641], [353, 578]]}, 'differential_privacy': {'epsilon': 4.71062181763583, 'delta': 1e-05}, 'validation': {'loss': 0.6939013242721558, 'balanced_accuracy': 0.5759311443273707, 'specificity': 0.37264150943396224, 'sensitivity': 0.7792207792207793, 'auc': 0.6276341582945356, 'confusion_matrix': [[158, 266], [34, 120]]}, 'duration_seconds': 107.5815989819821}, {'epoch': 46, 'train': {'loss': 0.736752325488675, 'balanced_accuracy': 0.542696330550827, 'specificity': 0.44863590434489725, 'sensitivity': 0.6367567567567568, 'auc': 0.5567407353463265, 'confusion_matrix': [[1332, 1637], [336, 589]]}, 'differential_privacy': {'epsilon': 4.768167866540182, 'delta': 1e-05}, 'validation': {'loss': 0.6938668370246888, 'balanced_accuracy': 0.5712141631952953, 'specificity': 0.3632075471698113, 'sensitivity': 0.7792207792207793, 'auc': 0.6270368782161234, 'confusion_matrix': [[154, 270], [34, 120]]}, 'duration_seconds': 106.43567615398206}, {'epoch': 47, 'train': {'loss': 0.7453811495534836, 'balanced_accuracy': 0.5254948607324138, 'specificity': 0.43096819293953165, 'sensitivity': 0.620021528525296, 'auc': 0.5268604284108811, 'confusion_matrix': [[1233, 1628], [353, 576]]}, 'differential_privacy': {'epsilon': 4.825232236157504, 'delta': 1e-05}, 'validation': {'loss': 0.6936638355255127, 'balanced_accuracy': 0.5726843910806174, 'specificity': 0.37264150943396224, 'sensitivity': 0.7727272727272727, 'auc': 0.6288746630727762, 'confusion_matrix': [[158, 266], [35, 119]]}, 'duration_seconds': 98.71472341599292}, {'epoch': 48, 'train': {'loss': 0.7456999440346995, 'balanced_accuracy': 0.5160997413319395, 'specificity': 0.4499484004127967, 'sensitivity': 0.5822510822510822, 'auc': 0.5291533944784719, 'confusion_matrix': [[1308, 1599], [386, 538]]}, 'differential_privacy': {'epsilon': 4.881829947325491, 'delta': 1e-05}, 'validation': {'loss': 0.6936568975448608, 'balanced_accuracy': 0.570923180592992, 'specificity': 0.3561320754716981, 'sensitivity': 0.7857142857142857, 'auc': 0.6285071061014458, 'confusion_matrix': [[151, 273], [33, 121]]}, 'duration_seconds': 102.89638689198182}, {'epoch': 49, 'train': {'loss': 0.7405341229131145, 'balanced_accuracy': 0.5179997796740872, 'specificity': 0.4229342327150084, 'sensitivity': 0.6130653266331658, 'auc': 0.5356333098883964, 'confusion_matrix': [[1254, 1711], [385, 610]]}, 'differential_privacy': {'epsilon': 4.9379752568456, 'delta': 1e-05}, 'validation': {'loss': 0.6936126112937927, 'balanced_accuracy': 0.569743935309973, 'specificity': 0.35377358490566035, 'sensitivity': 0.7857142857142857, 'auc': 0.628062974761088, 'confusion_matrix': [[150, 274], [33, 121]]}, 'duration_seconds': 114.54642488801619}, {'epoch': 50, 'train': {'loss': 0.7411176062399342, 'balanced_accuracy': 0.5335396809354251, 'specificity': 0.43938356164383563, 'sensitivity': 0.6276958002270148, 'auc': 0.545314322143268, 'confusion_matrix': [[1283, 1637], [328, 553]]}, 'differential_privacy': {'epsilon': 4.993681719535633, 'delta': 1e-05}, 'validation': {'loss': 0.6934460520744323, 'balanced_accuracy': 0.570019603038471, 'specificity': 0.3867924528301887, 'sensitivity': 0.7532467532467533, 'auc': 0.6336375888262682, 'confusion_matrix': [[164, 260], [38, 116]]}, 'duration_seconds': 93.60084387901588}]",44,Adam,false,,,,,,,true,target_epsilon,1.35498046875,5.0,1e-05,350.0,true,flat,hooks,0.5803571428571428,0.6249081107571675,0.7857142857142857,0.375,0.6946119904518128,0.563145292386099,0.5941321412357395,0.7716049382716049,0.35468564650059314,0.693102502822876,0.5498550151575063,0.5808070822898819,0.7592592592592593,0.3404507710557533,0.6962776780128479,4.993681719535633,00:01:46,01:28:01
centralized_runs/archive/2026-05-24/fullbackbone_dp_targeteps5_clip_lr_sweep_20260524_113839/adam_fullbackbone_dp_targeteps5_clip150_b128_e50_seed42_20260524_113839,adam_fullbackbone_dp_targeteps5_clip150_b128_e50_seed42_20260524_113839,completed,PersistentDataset cache reused from shadow_runs/cache/convnext_256_ras_scale_v1,,,,,"[{'epoch': 1, 'train': {'loss': 0.7659300161946204, 'balanced_accuracy': 0.4994814622763806, 'specificity': 0.47231715652768286, 'sensitivity': 0.5266457680250783, 'auc': 0.49361702203642477, 'confusion_matrix': [[1382, 1544], [453, 504]]}, 'differential_privacy': {'epsilon': 0.7697666306172894, 'delta': 1e-05}, 'validation': {'loss': 0.7171898126602173, 'balanced_accuracy': 0.5216399166870865, 'specificity': 0.3419811320754717, 'sensitivity': 0.7012987012987013, 'auc': 0.5021440823327615, 'confusion_matrix': [[145, 279], [46, 108]]}, 'duration_seconds': 97.7834669679869}, {'epoch': 2, 'train': {'loss': 0.7710029578978016, 'balanced_accuracy': 0.48653097131668, 'specificity': 0.4411470490163388, 'sensitivity': 0.5319148936170213, 'auc': 0.48159989500046113, 'confusion_matrix': [[1323, 1676], [440, 500]]}, 'differential_privacy': {'epsilon': 1.012341265936871, 'delta': 1e-05}, 'validation': {'loss': 0.7150653004646301, 'balanced_accuracy': 0.5187147757902475, 'specificity': 0.2971698113207547, 'sensitivity': 0.7402597402597403, 'auc': 0.5080403087478559, 'confusion_matrix': [[126, 298], [40, 114]]}, 'duration_seconds': 124.25673442898551}, {'epoch': 3, 'train': {'loss': 0.7652892585723631, 'balanced_accuracy': 0.502508199745217, 'specificity': 0.43575233022636484, 'sensitivity': 0.5692640692640693, 'auc': 0.49992686518984786, 'confusion_matrix': [[1309, 1695], [398, 526]]}, 'differential_privacy': {'epsilon': 1.2059361016394932, 'delta': 1e-05}, 'validation': {'loss': 0.7150245070457458, 'balanced_accuracy': 0.5213642489585886, 'specificity': 0.3089622641509434, 'sensitivity': 0.7337662337662337, 'auc': 0.5102456505758393, 'confusion_matrix': [[131, 293], [41, 113]]}, 'duration_seconds': 102.50682530700578}, {'epoch': 4, 'train': {'loss': 0.7662094543057103, 'balanced_accuracy': 0.4934075524895123, 'specificity': 0.45285481239804243, 'sensitivity': 0.5339602925809822, 'auc': 0.49163747504862426, 'confusion_matrix': [[1388, 1677], [446, 511]]}, 'differential_privacy': {'epsilon': 1.3732476713160413, 'delta': 1e-05}, 'validation': {'loss': 0.7141577720642089, 'balanced_accuracy': 0.5307982112227395, 'specificity': 0.3278301886792453, 'sensitivity': 0.7337662337662337, 'auc': 0.5187454055378584, 'confusion_matrix': [[139, 285], [41, 113]]}, 'duration_seconds': 119.08871442099917}, {'epoch': 5, 'train': {'loss': 0.7563779084913193, 'balanced_accuracy': 0.511760601480357, 'specificity': 0.4442920809050394, 'sensitivity': 0.5792291220556746, 'auc': 0.5113783264170237, 'confusion_matrix': [[1296, 1621], [393, 541]]}, 'differential_privacy': {'epsilon': 1.523362882849453, 'delta': 1e-05}, 'validation': {'loss': 0.7126666665077209, 'balanced_accuracy': 0.5260812300906641, 'specificity': 0.31839622641509435, 'sensitivity': 0.7337662337662337, 'auc': 0.5257443028669444, 'confusion_matrix': [[135, 289], [41, 113]]}, 'duration_seconds': 98.23691556300037}, {'epoch': 6, 'train': {'loss': 0.7630323421570563, 'balanced_accuracy': 0.5080450758195499, 'specificity': 0.45331482124262407, 'sensitivity': 0.5627753303964758, 'auc': 0.5011127897037708, 'confusion_matrix': [[1306, 1575], [397, 511]]}, 'differential_privacy': {'epsilon': 1.661063561892472, 'delta': 1e-05}, 'validation': {'loss': 0.7112626194953918, 'balanced_accuracy': 0.5237227395246263, 'specificity': 0.3136792452830189, 'sensitivity': 0.7337662337662337, 'auc': 0.5340449644694928, 'confusion_matrix': [[133, 291], [41, 113]]}, 'duration_seconds': 96.27889770199545}, {'epoch': 7, 'train': {'loss': 0.7607275901302215, 'balanced_accuracy': 0.5024921310007447, 'specificity': 0.4481298517995766, 'sensitivity': 0.5568544102019128, 'auc': 0.4968377759961961, 'confusion_matrix': [[1270, 1564], [417, 524]]}, 'differential_privacy': {'epsilon': 1.7892451578624213, 'delta': 1e-05}, 'validation': {'loss': 0.7095355272293091, 'balanced_accuracy': 0.5201850036755697, 'specificity': 0.30660377358490565, 'sensitivity': 0.7337662337662337, 'auc': 0.5431649718206322, 'confusion_matrix': [[130, 294], [41, 113]]}, 'duration_seconds': 96.9948664510157}, {'epoch': 8, 'train': {'loss': 0.7627928430034269, 'balanced_accuracy': 0.49554649220746866, 'specificity': 0.4592010925230454, 'sensitivity': 0.5318918918918919, 'auc': 0.48790049181991824, 'confusion_matrix': [[1345, 1584], [433, 492]]}, 'differential_privacy': {'epsilon': 1.9098214051048794, 'delta': 1e-05}, 'validation': {'loss': 0.7073341131210327, 'balanced_accuracy': 0.5364034550355306, 'specificity': 0.33254716981132076, 'sensitivity': 0.7402597402597403, 'auc': 0.557905537858368, 'confusion_matrix': [[141, 283], [40, 114]]}, 'duration_seconds': 96.04635184400831}, {'epoch': 9, 'train': {'loss': 0.7631048406324079, 'balanced_accuracy': 0.4987700264127797, 'specificity': 0.44822934232715006, 'sensitivity': 0.5493107104984093, 'auc': 0.4972802168816468, 'confusion_matrix': [[1329, 1636], [425, 518]]}, 'differential_privacy': {'epsilon': 2.0241367145620113, 'delta': 1e-05}, 'validation': {'loss': 0.7062854647636414, 'balanced_accuracy': 0.5502634158294535, 'specificity': 0.35377358490566035, 'sensitivity': 0.7467532467532467, 'auc': 0.5641233766233766, 'confusion_matrix': [[150, 274], [39, 115]]}, 'duration_seconds': 104.71617092101951}, {'epoch': 10, 'train': {'loss': 0.75768635542162, 'balanced_accuracy': 0.513161927353777, 'specificity': 0.47393205516313486, 'sensitivity': 0.5523917995444191, 'auc': 0.5147508288338402, 'confusion_matrix': [[1409, 1564], [393, 485]]}, 'differential_privacy': {'epsilon': 2.13317892958498, 'delta': 1e-05}, 'validation': {'loss': 0.703594958782196, 'balanced_accuracy': 0.558809115412889, 'specificity': 0.37735849056603776, 'sensitivity': 0.7402597402597403, 'auc': 0.5834507473658417, 'confusion_matrix': [[160, 264], [40, 114]]}, 'duration_seconds': 109.6810776880011}, {'epoch': 11, 'train': {'loss': 0.7589174893594557, 'balanced_accuracy': 0.49983294444494886, 'specificity': 0.46383701188455007, 'sensitivity': 0.5358288770053476, 'auc': 0.4985101186639187, 'confusion_matrix': [[1366, 1579], [434, 501]]}, 'differential_privacy': {'epsilon': 2.2376994037108973, 'delta': 1e-05}, 'validation': {'loss': 0.7013404965400696, 'balanced_accuracy': 0.5785653026219064, 'specificity': 0.41037735849056606, 'sensitivity': 0.7467532467532467, 'auc': 0.5984133790737564, 'confusion_matrix': [[174, 250], [39, 115]]}, 'duration_seconds': 108.62281876799534}, {'epoch': 12, 'train': {'loss': 0.7644034854827388, 'balanced_accuracy': 0.4848719093981622, 'specificity': 0.4724940938238272, 'sensitivity': 0.49724972497249725, 'auc': 0.49110481416012, 'confusion_matrix': [[1400, 1563], [457, 452]]}, 'differential_privacy': {'epsilon': 2.3382855964476046, 'delta': 1e-05}, 'validation': {'loss': 0.6994487881660462, 'balanced_accuracy': 0.5732357265376133, 'specificity': 0.4386792452830189, 'sensitivity': 0.7077922077922078, 'auc': 0.6113391325655477, 'confusion_matrix': [[186, 238], [45, 109]]}, 'duration_seconds': 100.6180827760254}, {'epoch': 13, 'train': {'loss': 0.7554567263972375, 'balanced_accuracy': 0.4992409221586087, 'specificity': 0.481354772494013, 'sensitivity': 0.5171270718232044, 'auc': 0.5099674329900219, 'confusion_matrix': [[1407, 1516], [437, 468]]}, 'differential_privacy': {'epsilon': 2.4354071884219053, 'delta': 1e-05}, 'validation': {'loss': 0.6988680839538575, 'balanced_accuracy': 0.5611216613575104, 'specificity': 0.45990566037735847, 'sensitivity': 0.6623376623376623, 'auc': 0.6165921342808135, 'confusion_matrix': [[195, 229], [52, 102]]}, 'duration_seconds': 96.88693474599859}, {'epoch': 14, 'train': {'loss': 0.7573188620228921, 'balanced_accuracy': 0.5130288234304529, 'specificity': 0.48535997244230106, 'sensitivity': 0.5406976744186046, 'auc': 0.5095414527073037, 'confusion_matrix': [[1409, 1494], [395, 465]]}, 'differential_privacy': {'epsilon': 2.529446870586119, 'delta': 1e-05}, 'validation': {'loss': 0.697110378742218, 'balanced_accuracy': 0.5714745160499877, 'specificity': 0.4221698113207547, 'sensitivity': 0.7207792207792207, 'auc': 0.6198848321489832, 'confusion_matrix': [[179, 245], [43, 111]]}, 'duration_seconds': 97.4861799509963}, {'epoch': 15, 'train': {'loss': 0.7474541298804744, 'balanced_accuracy': 0.5325579551962872, 'specificity': 0.45593337959750174, 'sensitivity': 0.6091825307950728, 'auc': 0.5323423061470469, 'confusion_matrix': [[1314, 1568], [349, 544]]}, 'differential_privacy': {'epsilon': 2.6207213090214534, 'delta': 1e-05}, 'validation': {'loss': 0.695842182636261, 'balanced_accuracy': 0.5770797598627787, 'specificity': 0.4268867924528302, 'sensitivity': 0.7272727272727273, 'auc': 0.6281089193825043, 'confusion_matrix': [[181, 243], [42, 112]]}, 'duration_seconds': 101.87554908599122}, {'epoch': 16, 'train': {'loss': 0.7445242366483135, 'balanced_accuracy': 0.5130649986057242, 'specificity': 0.4674880219028063, 'sensitivity': 0.558641975308642, 'auc': 0.5315412663404906, 'confusion_matrix': [[1366, 1556], [429, 543]]}, 'differential_privacy': {'epsilon': 2.709496156376761, 'delta': 1e-05}, 'validation': {'loss': 0.6946763277053833, 'balanced_accuracy': 0.5818120558686597, 'specificity': 0.41037735849056606, 'sensitivity': 0.7532467532467533, 'auc': 0.6324430286694438, 'confusion_matrix': [[174, 250], [38, 116]]}, 'duration_seconds': 114.41366540497984}, {'epoch': 17, 'train': {'loss': 0.7497207099391568, 'balanced_accuracy': 0.5099565970737935, 'specificity': 0.4598273572377158, 'sensitivity': 0.5600858369098712, 'auc': 0.5188836926970231, 'confusion_matrix': [[1385, 1627], [410, 522]]}, 'differential_privacy': {'epsilon': 2.795996859264169, 'delta': 1e-05}, 'validation': {'loss': 0.6943843960762024, 'balanced_accuracy': 0.5850434942416074, 'specificity': 0.4363207547169811, 'sensitivity': 0.7337662337662337, 'auc': 0.6353681695662827, 'confusion_matrix': [[185, 239], [41, 113]]}, 'duration_seconds': 111.63450874699629}, {'epoch': 18, 'train': {'loss': 0.7504128948334725, 'balanced_accuracy': 0.5300841530379916, 'specificity': 0.4714765100671141, 'sensitivity': 0.5886917960088692, 'auc': 0.5281722942305689, 'confusion_matrix': [[1405, 1575], [371, 531]]}, 'differential_privacy': {'epsilon': 2.880416724663862, 'delta': 1e-05}, 'validation': {'loss': 0.6937010049819946, 'balanced_accuracy': 0.5841705464346973, 'specificity': 0.41509433962264153, 'sensitivity': 0.7532467532467533, 'auc': 0.636455525606469, 'confusion_matrix': [[176, 248], [38, 116]]}, 'duration_seconds': 109.27714954101248}, {'epoch': 19, 'train': {'loss': 0.743217033724631, 'balanced_accuracy': 0.5226832859458059, 'specificity': 0.46618606247854444, 'sensitivity': 0.5791805094130675, 'auc': 0.5374612374588423, 'confusion_matrix': [[1358, 1555], [380, 523]]}, 'differential_privacy': {'epsilon': 2.962923007179877, 'delta': 1e-05}, 'validation': {'loss': 0.6927693128585816, 'balanced_accuracy': 0.5844615290370008, 'specificity': 0.4221698113207547, 'sensitivity': 0.7467532467532467, 'auc': 0.6419229355550111, 'confusion_matrix': [[179, 245], [39, 115]]}, 'duration_seconds': 98.08889947200078}, {'epoch': 20, 'train': {'loss': 0.7461704707914784, 'balanced_accuracy': 0.5342629312807561, 'specificity': 0.47821749251745926, 'sensitivity': 0.5903083700440529, 'auc': 0.5383484790994288, 'confusion_matrix': [[1438, 1569], [372, 536]]}, 'differential_privacy': {'epsilon': 3.0436615820265773, 'delta': 1e-05}, 'validation': {'loss': 0.6919013738632203, 'balanced_accuracy': 0.5900514579759863, 'specificity': 0.4528301886792453, 'sensitivity': 0.7272727272727273, 'auc': 0.6469308992893898, 'confusion_matrix': [[192, 232], [42, 112]]}, 'duration_seconds': 111.48157864800305}, {'epoch': 21, 'train': {'loss': 0.7454730637611882, 'balanced_accuracy': 0.5238603225647335, 'specificity': 0.4922870556673374, 'sensitivity': 0.5554335894621295, 'auc': 0.536900510269815, 'confusion_matrix': [[1468, 1514], [405, 506]]}, 'differential_privacy': {'epsilon': 3.122760578973055, 'delta': 1e-05}, 'validation': {'loss': 0.6923694729804992, 'balanced_accuracy': 0.5968206321979906, 'specificity': 0.4858490566037736, 'sensitivity': 0.7077922077922078, 'auc': 0.6498560401862289, 'confusion_matrix': [[206, 218], [45, 109]]}, 'duration_seconds': 111.31122563499957}, {'epoch': 22, 'train': {'loss': 0.7415610840243678, 'balanced_accuracy': 0.5381416873030587, 'specificity': 0.49762550881953865, 'sensitivity': 0.5786578657865786, 'auc': 0.5471229958816777, 'confusion_matrix': [[1467, 1481], [383, 526]]}, 'differential_privacy': {'epsilon': 3.2003332744081234, 'delta': 1e-05}, 'validation': {'loss': 0.6923418402671814, 'balanced_accuracy': 0.5968206321979906, 'specificity': 0.4858490566037736, 'sensitivity': 0.7077922077922078, 'auc': 0.6497335211957853, 'confusion_matrix': [[206, 218], [45, 109]]}, 'duration_seconds': 117.38944413600257}, {'epoch': 23, 'train': {'loss': 0.745594488036248, 'balanced_accuracy': 0.5276416355873982, 'specificity': 0.49320652173913043, 'sensitivity': 0.5620767494356659, 'auc': 0.5348783001275885, 'confusion_matrix': [[1452, 1492], [388, 498]]}, 'differential_privacy': {'epsilon': 3.2764804294158867, 'delta': 1e-05}, 'validation': {'loss': 0.6922037839889527, 'balanced_accuracy': 0.5965296495956873, 'specificity': 0.47877358490566035, 'sensitivity': 0.7142857142857143, 'auc': 0.6488452585150699, 'confusion_matrix': [[203, 221], [44, 110]]}, 'duration_seconds': 102.1050785589905}, {'epoch': 24, 'train': {'loss': 0.7384450916321047, 'balanced_accuracy': 0.5394541126689775, 'specificity': 0.4816421895861148, 'sensitivity': 0.5972660357518401, 'auc': 0.5527490913226047, 'confusion_matrix': [[1443, 1553], [383, 568]]}, 'differential_privacy': {'epsilon': 3.3512921160509737, 'delta': 1e-05}, 'validation': {'loss': 0.6912676215171814, 'balanced_accuracy': 0.5932982112227395, 'specificity': 0.4528301886792453, 'sensitivity': 0.7337662337662337, 'auc': 0.6492587601078167, 'confusion_matrix': [[192, 232], [41, 113]]}, 'duration_seconds': 116.06121966199134}, {'epoch': 25, 'train': {'loss': 0.7458826937983113, 'balanced_accuracy': 0.5230654608223544, 'specificity': 0.4635222259925348, 'sensitivity': 0.5826086956521739, 'auc': 0.5328370044702793, 'confusion_matrix': [[1366, 1581], [384, 536]]}, 'differential_privacy': {'epsilon': 3.4248492588769652, 'delta': 1e-05}, 'validation': {'loss': 0.6909903526306153, 'balanced_accuracy': 0.594186473903455, 'specificity': 0.4481132075471698, 'sensitivity': 0.7402597402597403, 'auc': 0.6501010781671159, 'confusion_matrix': [[190, 234], [40, 114]]}, 'duration_seconds': 113.6523558460176}, {'epoch': 26, 'train': {'loss': 0.7281132301976604, 'balanced_accuracy': 0.5563593201922736, 'specificity': 0.4959785522788204, 'sensitivity': 0.6167400881057269, 'auc': 0.5754826032525895, 'confusion_matrix': [[1480, 1504], [348, 560]]}, 'differential_privacy': {'epsilon': 3.4972248826492436, 'delta': 1e-05}, 'validation': {'loss': 0.6908905386924744, 'balanced_accuracy': 0.5888722126929674, 'specificity': 0.45047169811320753, 'sensitivity': 0.7272727272727273, 'auc': 0.6527658662092624, 'confusion_matrix': [[191, 233], [42, 112]]}, 'duration_seconds': 101.83038461700198}, {'epoch': 27, 'train': {'loss': 0.7486946928885675, 'balanced_accuracy': 0.5128947341841665, 'specificity': 0.4712337878284004, 'sensitivity': 0.5545556805399325, 'auc': 0.5249818290505506, 'confusion_matrix': [[1417, 1590], [396, 493]]}, 'differential_privacy': {'epsilon': 3.568485155819192, 'delta': 1e-05}, 'validation': {'loss': 0.6913220524787903, 'balanced_accuracy': 0.605672629257535, 'specificity': 0.49056603773584906, 'sensitivity': 0.7207792207792207, 'auc': 0.6548333741729968, 'confusion_matrix': [[208, 216], [43, 111]]}, 'duration_seconds': 102.26038848000462}, {'epoch': 28, 'train': {'loss': 0.7360801889050391, 'balanced_accuracy': 0.5445619601621717, 'specificity': 0.4967741935483871, 'sensitivity': 0.5923497267759563, 'auc': 0.5582448718305548, 'confusion_matrix': [[1463, 1482], [373, 542]]}, 'differential_privacy': {'epsilon': 3.6386902563929593, 'delta': 1e-05}, 'validation': {'loss': 0.6923206329345704, 'balanced_accuracy': 0.6015222984562607, 'specificity': 0.5212264150943396, 'sensitivity': 0.6818181818181818, 'auc': 0.6549252634158295, 'confusion_matrix': [[221, 203], [49, 105]]}, 'duration_seconds': 111.70545345998835}, {'epoch': 29, 'train': {'loss': 0.7408044684317804, 'balanced_accuracy': 0.5277863758350514, 'specificity': 0.4963979416809606, 'sensitivity': 0.5591748099891423, 'auc': 0.5421141536438691, 'confusion_matrix': [[1447, 1468], [406, 515]]}, 'differential_privacy': {'epsilon': 3.7078951192614604, 'delta': 1e-05}, 'validation': {'loss': 0.6925306558609009, 'balanced_accuracy': 0.6003430531732419, 'specificity': 0.5188679245283019, 'sensitivity': 0.6818181818181818, 'auc': 0.6539144817446705, 'confusion_matrix': [[220, 204], [49, 105]]}, 'duration_seconds': 97.48024985397933}, {'epoch': 30, 'train': {'loss': 0.7329427542225007, 'balanced_accuracy': 0.5495506699237545, 'specificity': 0.5146568954030646, 'sensitivity': 0.5844444444444444, 'auc': 0.5667349544747946, 'confusion_matrix': [[1545, 1457], [374, 526]]}, 'differential_privacy': {'epsilon': 3.7761500472156633, 'delta': 1e-05}, 'validation': {'loss': 0.6917293667793274, 'balanced_accuracy': 0.5988728252879196, 'specificity': 0.5094339622641509, 'sensitivity': 0.6883116883116883, 'auc': 0.6565333251654006, 'confusion_matrix': [[216, 208], [48, 106]]}, 'duration_seconds': 114.9996189539961}, {'epoch': 31, 'train': {'loss': 0.7376720213120983, 'balanced_accuracy': 0.5340576490879632, 'specificity': 0.5020775623268698, 'sensitivity': 0.5660377358490566, 'auc': 0.5529743805743695, 'confusion_matrix': [[1450, 1438], [391, 510]]}, 'differential_privacy': {'epsilon': 3.8435012285588703, 'delta': 1e-05}, 'validation': {'loss': 0.6912092685699462, 'balanced_accuracy': 0.6056573143837294, 'specificity': 0.5165094339622641, 'sensitivity': 0.6948051948051948, 'auc': 0.6603926733643715, 'confusion_matrix': [[219, 205], [47, 107]]}, 'duration_seconds': 98.79816642098012}, {'epoch': 32, 'train': {'loss': 0.7369741528264938, 'balanced_accuracy': 0.5393043778347466, 'specificity': 0.5113636363636364, 'sensitivity': 0.5672451193058569, 'auc': 0.5571134377138748, 'confusion_matrix': [[1530, 1462], [399, 523]]}, 'differential_privacy': {'epsilon': 3.909991218561947, 'delta': 1e-05}, 'validation': {'loss': 0.6904648900032043, 'balanced_accuracy': 0.6115688556726293, 'specificity': 0.5023584905660378, 'sensitivity': 0.7207792207792207, 'auc': 0.6610358980641999, 'confusion_matrix': [[213, 211], [43, 111]]}, 'duration_seconds': 113.22729246199015}, {'epoch': 33, 'train': {'loss': 0.7320142311434592, 'balanced_accuracy': 0.54647394757892, 'specificity': 0.5084175084175084, 'sensitivity': 0.5845303867403315, 'auc': 0.5698191863385234, 'confusion_matrix': [[1510, 1460], [376, 529]]}, 'differential_privacy': {'epsilon': 3.9756593112162, 'delta': 1e-05}, 'validation': {'loss': 0.689835786819458, 'balanced_accuracy': 0.6148156089193826, 'specificity': 0.5023584905660378, 'sensitivity': 0.7272727272727273, 'auc': 0.6623836069590785, 'confusion_matrix': [[213, 211], [42, 112]]}, 'duration_seconds': 117.83225585499895}, {'epoch': 34, 'train': {'loss': 0.7310010444733405, 'balanced_accuracy': 0.544857511871525, 'specificity': 0.49146174863387976, 'sensitivity': 0.5982532751091703, 'auc': 0.5643672298184074, 'confusion_matrix': [[1439, 1489], [368, 548]]}, 'differential_privacy': {'epsilon': 4.040541895596256, 'delta': 1e-05}, 'validation': {'loss': 0.6888455152511597, 'balanced_accuracy': 0.6133453810340602, 'specificity': 0.49292452830188677, 'sensitivity': 0.7337662337662337, 'auc': 0.6641907620681207, 'confusion_matrix': [[209, 215], [41, 113]]}, 'duration_seconds': 105.02470897897729}, {'epoch': 35, 'train': {'loss': 0.724610730524986, 'balanced_accuracy': 0.5424870929651273, 'specificity': 0.4773922187171398, 'sensitivity': 0.6075819672131147, 'auc': 0.5690486861687152, 'confusion_matrix': [[1362, 1491], [383, 593]]}, 'differential_privacy': {'epsilon': 4.104672719658694, 'delta': 1e-05}, 'validation': {'loss': 0.687546455860138, 'balanced_accuracy': 0.6107112227395246, 'specificity': 0.455188679245283, 'sensitivity': 0.7662337662337663, 'auc': 0.6657835089438864, 'confusion_matrix': [[193, 231], [36, 118]]}, 'duration_seconds': 94.40849148499547}, {'epoch': 36, 'train': {'loss': 0.7275516333118561, 'balanced_accuracy': 0.5687900301129001, 'specificity': 0.4956881683339082, 'sensitivity': 0.6418918918918919, 'auc': 0.5846045467682238, 'confusion_matrix': [[1437, 1462], [318, 570]]}, 'differential_privacy': {'epsilon': 4.168083184446153, 'delta': 1e-05}, 'validation': {'loss': 0.6871387958526611, 'balanced_accuracy': 0.608352732173487, 'specificity': 0.45047169811320753, 'sensitivity': 0.7662337662337663, 'auc': 0.6685861308502818, 'confusion_matrix': [[191, 233], [36, 118]]}, 'duration_seconds': 104.10850778000895}, {'epoch': 37, 'train': {'loss': 0.732517792332557, 'balanced_accuracy': 0.5403133221892189, 'specificity': 0.47705146036161333, 'sensitivity': 0.6035751840168244, 'auc': 0.5564189075550369, 'confusion_matrix': [[1372, 1504], [377, 574]]}, 'differential_privacy': {'epsilon': 4.230802548850019, 'delta': 1e-05}, 'validation': {'loss': 0.6868366479873658, 'balanced_accuracy': 0.6101139426611125, 'specificity': 0.4669811320754717, 'sensitivity': 0.7532467532467533, 'auc': 0.6713121783876501, 'confusion_matrix': [[198, 226], [38, 116]]}, 'duration_seconds': 98.54177545302082}, {'epoch': 38, 'train': {'loss': 0.7148825430100963, 'balanced_accuracy': 0.5609273038824468, 'specificity': 0.4979050279329609, 'sensitivity': 0.6239495798319328, 'auc': 0.5961726782193325, 'confusion_matrix': [[1426, 1438], [358, 594]]}, 'differential_privacy': {'epsilon': 4.292858136952556, 'delta': 1e-05}, 'validation': {'loss': 0.686715590953827, 'balanced_accuracy': 0.6086437147757903, 'specificity': 0.45754716981132076, 'sensitivity': 0.7597402597402597, 'auc': 0.6695662827738299, 'confusion_matrix': [[194, 230], [37, 117]]}, 'duration_seconds': 99.77182665100554}, {'epoch': 39, 'train': {'loss': 0.7274924728178209, 'balanced_accuracy': 0.5426511261973704, 'specificity': 0.48120300751879697, 'sensitivity': 0.6040992448759439, 'auc': 0.5709242214096584, 'confusion_matrix': [[1408, 1518], [367, 560]]}, 'differential_privacy': {'epsilon': 4.354275499677936, 'delta': 1e-05}, 'validation': {'loss': 0.6869975924491882, 'balanced_accuracy': 0.6136516785101691, 'specificity': 0.4740566037735849, 'sensitivity': 0.7532467532467533, 'auc': 0.6702554520950748, 'confusion_matrix': [[201, 223], [38, 116]]}, 'duration_seconds': 110.97741708700778}, {'epoch': 40, 'train': {'loss': 0.7246109747117565, 'balanced_accuracy': 0.5612177804445111, 'specificity': 0.488107202680067, 'sensitivity': 0.6343283582089553, 'auc': 0.5830024322036622, 'confusion_matrix': [[1457, 1528], [343, 595]]}, 'differential_privacy': {'epsilon': 4.415078581177066, 'delta': 1e-05}, 'validation': {'loss': 0.6866842389106751, 'balanced_accuracy': 0.6065762068120559, 'specificity': 0.45990566037735847, 'sensitivity': 0.7532467532467533, 'auc': 0.6709752511639305, 'confusion_matrix': [[195, 229], [38, 116]]}, 'duration_seconds': 108.21471894599381}, {'epoch': 41, 'train': {'loss': 0.7222119531323833, 'balanced_accuracy': 0.5568340002192979, 'specificity': 0.49916022841787033, 'sensitivity': 0.6145077720207254, 'auc': 0.5803688381216269, 'confusion_matrix': [[1486, 1491], [372, 593]]}, 'differential_privacy': {'epsilon': 4.475289872849594, 'delta': 1e-05}, 'validation': {'loss': 0.6870898604393005, 'balanced_accuracy': 0.6104049252634158, 'specificity': 0.4740566037735849, 'sensitivity': 0.7467532467532467, 'auc': 0.6699644694927713, 'confusion_matrix': [[201, 223], [39, 115]]}, 'duration_seconds': 113.69686731501133}, {'epoch': 42, 'train': {'loss': 0.7197284179349099, 'balanced_accuracy': 0.5673569336752075, 'specificity': 0.5026972353337829, 'sensitivity': 0.632016632016632, 'auc': 0.59077356961713, 'confusion_matrix': [[1491, 1475], [354, 608]]}, 'differential_privacy': {'epsilon': 4.534930498149709, 'delta': 1e-05}, 'validation': {'loss': 0.687053108215332, 'balanced_accuracy': 0.6036051212938005, 'specificity': 0.49292452830188677, 'sensitivity': 0.7142857142857143, 'auc': 0.6708833619210978, 'confusion_matrix': [[209, 215], [44, 110]]}, 'duration_seconds': 111.16043006500695}, {'epoch': 43, 'train': {'loss': 0.7274438873414071, 'balanced_accuracy': 0.5468476859968818, 'specificity': 0.5062903774226454, 'sensitivity': 0.5874049945711184, 'auc': 0.5718109427499418, 'confusion_matrix': [[1489, 1452], [380, 541]]}, 'differential_privacy': {'epsilon': 4.594020365619634, 'delta': 1e-05}, 'validation': {'loss': 0.6870605945587158, 'balanced_accuracy': 0.6036051212938005, 'specificity': 0.49292452830188677, 'sensitivity': 0.7142857142857143, 'auc': 0.6713274932614556, 'confusion_matrix': [[209, 215], [44, 110]]}, 'duration_seconds': 119.1888162260002}, {'epoch': 44, 'train': {'loss': 0.7205416675536863, 'balanced_accuracy': 0.5715419504450381, 'specificity': 0.5239840106595602, 'sensitivity': 0.6190998902305159, 'auc': 0.5985789934408894, 'confusion_matrix': [[1573, 1429], [347, 564]]}, 'differential_privacy': {'epsilon': 4.652578228331506, 'delta': 1e-05}, 'validation': {'loss': 0.6869418025016785, 'balanced_accuracy': 0.6080311198235726, 'specificity': 0.49528301886792453, 'sensitivity': 0.7207792207792207, 'auc': 0.6715725312423425, 'confusion_matrix': [[210, 214], [43, 111]]}, 'duration_seconds': 101.61474193300819}, {'epoch': 45, 'train': {'loss': 0.7216640883876432, 'balanced_accuracy': 0.5713776962459295, 'specificity': 0.502583534274888, 'sensitivity': 0.640171858216971, 'auc': 0.5882913819660613, 'confusion_matrix': [[1459, 1444], [335, 596]]}, 'differential_privacy': {'epsilon': 4.71062181763583, 'delta': 1e-05}, 'validation': {'loss': 0.687221348285675, 'balanced_accuracy': 0.6047843665768194, 'specificity': 0.49528301886792453, 'sensitivity': 0.7142857142857143, 'auc': 0.670684268561627, 'confusion_matrix': [[210, 214], [44, 110]]}, 'duration_seconds': 108.24497336600325}, {'epoch': 46, 'train': {'loss': 0.7164077085833396, 'balanced_accuracy': 0.5843880458430812, 'specificity': 0.5136409565510273, 'sensitivity': 0.6551351351351351, 'auc': 0.6063102509717531, 'confusion_matrix': [[1525, 1444], [319, 606]]}, 'differential_privacy': {'epsilon': 4.768167866540182, 'delta': 1e-05}, 'validation': {'loss': 0.6868549823760987, 'balanced_accuracy': 0.6009556481254594, 'specificity': 0.4811320754716981, 'sensitivity': 0.7207792207792207, 'auc': 0.6702860818426857, 'confusion_matrix': [[204, 220], [43, 111]]}, 'duration_seconds': 107.21982256200863}, {'epoch': 47, 'train': {'loss': 0.7195515690311309, 'balanced_accuracy': 0.5669758366571114, 'specificity': 0.4956308982873121, 'sensitivity': 0.6383207750269106, 'auc': 0.5888354542680622, 'confusion_matrix': [[1418, 1443], [336, 593]]}, 'differential_privacy': {'epsilon': 4.825232236157504, 'delta': 1e-05}, 'validation': {'loss': 0.6866726040840149, 'balanced_accuracy': 0.6012466307277629, 'specificity': 0.4882075471698113, 'sensitivity': 0.7142857142857143, 'auc': 0.67131217838765, 'confusion_matrix': [[207, 217], [44, 110]]}, 'duration_seconds': 98.9588264740014}, {'epoch': 48, 'train': {'loss': 0.7177885828479644, 'balanced_accuracy': 0.5622573590839844, 'specificity': 0.5173718610251118, 'sensitivity': 0.6071428571428571, 'auc': 0.5932913835390615, 'confusion_matrix': [[1504, 1403], [363, 561]]}, 'differential_privacy': {'epsilon': 4.881829947325491, 'delta': 1e-05}, 'validation': {'loss': 0.6862021207809448, 'balanced_accuracy': 0.6024258760107817, 'specificity': 0.49056603773584906, 'sensitivity': 0.7142857142857143, 'auc': 0.6716797353589807, 'confusion_matrix': [[208, 216], [44, 110]]}, 'duration_seconds': 103.27641615198809}, {'epoch': 49, 'train': {'loss': 0.7195750801793991, 'balanced_accuracy': 0.5601040616234629, 'specificity': 0.49106239460370993, 'sensitivity': 0.629145728643216, 'auc': 0.585907615649919, 'confusion_matrix': [[1456, 1509], [369, 626]]}, 'differential_privacy': {'epsilon': 4.9379752568456, 'delta': 1e-05}, 'validation': {'loss': 0.6854886770248413, 'balanced_accuracy': 0.6021348934084783, 'specificity': 0.4834905660377358, 'sensitivity': 0.7207792207792207, 'auc': 0.6724761087968635, 'confusion_matrix': [[205, 219], [43, 111]]}, 'duration_seconds': 115.70078952901531}, {'epoch': 50, 'train': {'loss': 0.716545868304468, 'balanced_accuracy': 0.5735595835989613, 'specificity': 0.5023972602739726, 'sensitivity': 0.64472190692395, 'auc': 0.6028563431965543, 'confusion_matrix': [[1467, 1453], [313, 568]]}, 'differential_privacy': {'epsilon': 4.993681719535633, 'delta': 1e-05}, 'validation': {'loss': 0.6868452906608582, 'balanced_accuracy': 0.6142030139671649, 'specificity': 0.5400943396226415, 'sensitivity': 0.6883116883116883, 'auc': 0.6739922813036022, 'confusion_matrix': [[229, 195], [48, 106]]}, 'duration_seconds': 93.60717894902336}]",33,Adam,false,,,,,,,true,target_epsilon,1.35498046875,5.0,1e-05,150.0,true,flat,hooks,0.6148156089193826,0.6623836069590785,0.7272727272727273,0.5023584905660378,0.689835786819458,0.6166249286059488,0.6478882005770104,0.7160493827160493,0.5172004744958482,0.6788535594940186,0.5927793154958043,0.6262796010720092,0.7098765432098766,0.47568208778173193,0.6868176281452179,4.993681719535633,00:01:46,01:28:32
centralized_runs/archive/2026-05-24/fullbackbone_dp_targeteps5_clip_lr_sweep_20260524_113839/adam_fullbackbone_dp_targeteps5_clip180_b128_e50_seed42_20260524_113839,adam_fullbackbone_dp_targeteps5_clip180_b128_e50_seed42_20260524_113839,completed,PersistentDataset cache reused from shadow_runs/cache/convnext_256_ras_scale_v1,,,,,"[{'epoch': 1, 'train': {'loss': 0.7658157079450546, 'balanced_accuracy': 0.5000137491063081, 'specificity': 0.47129186602870815, 'sensitivity': 0.5287356321839081, 'auc': 0.4935961305372294, 'confusion_matrix': [[1379, 1547], [451, 506]]}, 'differential_privacy': {'epsilon': 0.7697666306172894, 'delta': 1e-05}, 'validation': {'loss': 0.717034924030304, 'balanced_accuracy': 0.5201696888017643, 'specificity': 0.33254716981132076, 'sensitivity': 0.7077922077922078, 'auc': 0.501807155109042, 'confusion_matrix': [[141, 283], [45, 109]]}, 'duration_seconds': 97.06031287100632}, {'epoch': 2, 'train': {'loss': 0.7711500467792634, 'balanced_accuracy': 0.4852924379048335, 'specificity': 0.43547849283094364, 'sensitivity': 0.5351063829787234, 'auc': 0.481132717998198, 'confusion_matrix': [[1306, 1693], [437, 503]]}, 'differential_privacy': {'epsilon': 1.012341265936871, 'delta': 1e-05}, 'validation': {'loss': 0.7150402188301086, 'balanced_accuracy': 0.5148860573388875, 'specificity': 0.2830188679245283, 'sensitivity': 0.7467532467532467, 'auc': 0.50661602548395, 'confusion_matrix': [[120, 304], [39, 115]]}, 'duration_seconds': 123.84129385501728}, {'epoch': 3, 'train': {'loss': 0.7653570405898555, 'balanced_accuracy': 0.5002622765605456, 'specificity': 0.4247669773635153, 'sensitivity': 0.5757575757575758, 'auc': 0.4999510032798981, 'confusion_matrix': [[1276, 1728], [392, 532]]}, 'differential_privacy': {'epsilon': 1.2059361016394932, 'delta': 1e-05}, 'validation': {'loss': 0.7147339582443237, 'balanced_accuracy': 0.5207822837539818, 'specificity': 0.294811320754717, 'sensitivity': 0.7467532467532467, 'auc': 0.5081781426121049, 'confusion_matrix': [[125, 299], [39, 115]]}, 'duration_seconds': 102.6314764469862}, {'epoch': 4, 'train': {'loss': 0.7664842374863163, 'balanced_accuracy': 0.4919437952683157, 'specificity': 0.43947797716150083, 'sensitivity': 0.5444096133751306, 'auc': 0.4906540797523528, 'confusion_matrix': [[1347, 1718], [436, 521]]}, 'differential_privacy': {'epsilon': 1.3732476713160413, 'delta': 1e-05}, 'validation': {'loss': 0.7138433814048767, 'balanced_accuracy': 0.5243200196030384, 'specificity': 0.3018867924528302, 'sensitivity': 0.7467532467532467, 'auc': 0.515253614310218, 'confusion_matrix': [[128, 296], [39, 115]]}, 'duration_seconds': 119.16912761400454}, {'epoch': 5, 'train': {'loss': 0.7567219618828066, 'balanced_accuracy': 0.509893638340996, 'specificity': 0.4309221803222489, 'sensitivity': 0.588865096359743, 'auc': 0.5098295893745517, 'confusion_matrix': [[1257, 1660], [384, 550]]}, 'differential_privacy': {'epsilon': 1.523362882849453, 'delta': 1e-05}, 'validation': {'loss': 0.7125912785530091, 'balanced_accuracy': 0.5125275667728497, 'specificity': 0.2783018867924528, 'sensitivity': 0.7467532467532467, 'auc': 0.520782283753982, 'confusion_matrix': [[118, 306], [39, 115]]}, 'duration_seconds': 98.1008801900025}, {'epoch': 6, 'train': {'loss': 0.7633772203999181, 'balanced_accuracy': 0.5091058767223202, 'specificity': 0.43561263450190907, 'sensitivity': 0.5825991189427313, 'auc': 0.4995177656436596, 'confusion_matrix': [[1255, 1626], [379, 529]]}, 'differential_privacy': {'epsilon': 1.661063561892472, 'delta': 1e-05}, 'validation': {'loss': 0.7114696383476258, 'balanced_accuracy': 0.5196183533447685, 'specificity': 0.2665094339622642, 'sensitivity': 0.7727272727272727, 'auc': 0.5261884342073021, 'confusion_matrix': [[113, 311], [35, 119]]}, 'duration_seconds': 96.2283770290087}, {'epoch': 7, 'train': {'loss': 0.7617391828567751, 'balanced_accuracy': 0.49863131535469185, 'specificity': 0.4297812279463656, 'sensitivity': 0.5674814027630181, 'auc': 0.4925667299386455, 'confusion_matrix': [[1218, 1616], [407, 534]]}, 'differential_privacy': {'epsilon': 1.7892451578624213, 'delta': 1e-05}, 'validation': {'loss': 0.7103787899017334, 'balanced_accuracy': 0.5160806174957118, 'specificity': 0.25943396226415094, 'sensitivity': 0.7727272727272727, 'auc': 0.5321306052438128, 'confusion_matrix': [[110, 314], [35, 119]]}, 'duration_seconds': 96.93906422500731}, {'epoch': 8, 'train': {'loss': 0.7634478961267779, 'balanced_accuracy': 0.4925016378618291, 'specificity': 0.4325708432912257, 'sensitivity': 0.5524324324324325, 'auc': 0.4847557971081358, 'confusion_matrix': [[1267, 1662], [414, 511]]}, 'differential_privacy': {'epsilon': 1.9098214051048794, 'delta': 1e-05}, 'validation': {'loss': 0.7092041850090027, 'balanced_accuracy': 0.5143040921342807, 'specificity': 0.2688679245283019, 'sensitivity': 0.7597402597402597, 'auc': 0.5411127787307033, 'confusion_matrix': [[114, 310], [37, 117]]}, 'duration_seconds': 95.80130152197671}, {'epoch': 9, 'train': {'loss': 0.7646155684225021, 'balanced_accuracy': 0.4955464870287679, 'specificity': 0.4205733558178752, 'sensitivity': 0.5705196182396607, 'auc': 0.4917294201169887, 'confusion_matrix': [[1247, 1718], [405, 538]]}, 'differential_privacy': {'epsilon': 2.0241367145620113, 'delta': 1e-05}, 'validation': {'loss': 0.7090644598007202, 'balanced_accuracy': 0.531717103651066, 'specificity': 0.27122641509433965, 'sensitivity': 0.7922077922077922, 'auc': 0.5405384709629992, 'confusion_matrix': [[115, 309], [32, 122]]}, 'duration_seconds': 104.89373643399449}, {'epoch': 10, 'train': {'loss': 0.7604880409855996, 'balanced_accuracy': 0.5042665692063806, 'specificity': 0.4322233434241507, 'sensitivity': 0.5763097949886105, 'auc': 0.5059278763235099, 'confusion_matrix': [[1285, 1688], [372, 506]]}, 'differential_privacy': {'epsilon': 2.13317892958498, 'delta': 1e-05}, 'validation': {'loss': 0.7082529902458191, 'balanced_accuracy': 0.5355458221024259, 'specificity': 0.28537735849056606, 'sensitivity': 0.7857142857142857, 'auc': 0.5470166625827003, 'confusion_matrix': [[121, 303], [33, 121]]}, 'duration_seconds': 109.47392685399973}, {'epoch': 11, 'train': {'loss': 0.7635843369268602, 'balanced_accuracy': 0.49059586174337, 'specificity': 0.4196943972835314, 'sensitivity': 0.5614973262032086, 'auc': 0.48601291048909145, 'confusion_matrix': [[1236, 1709], [410, 525]]}, 'differential_privacy': {'epsilon': 2.2376994037108973, 'delta': 1e-05}, 'validation': {'loss': 0.7078444242477417, 'balanced_accuracy': 0.5352395246263171, 'specificity': 0.30424528301886794, 'sensitivity': 0.7662337662337663, 'auc': 0.5515728375398187, 'confusion_matrix': [[129, 295], [36, 118]]}, 'duration_seconds': 108.4445198480098}, {'epoch': 12, 'train': {'loss': 0.7700654556674342, 'balanced_accuracy': 0.47067276758050425, 'specificity': 0.4319946000674992, 'sensitivity': 0.5093509350935094, 'auc': 0.47713401107238634, 'confusion_matrix': [[1280, 1683], [446, 463]]}, 'differential_privacy': {'epsilon': 2.3382855964476046, 'delta': 1e-05}, 'validation': {'loss': 0.7067042112350463, 'balanced_accuracy': 0.5420086988483215, 'specificity': 0.33726415094339623, 'sensitivity': 0.7467532467532467, 'auc': 0.5613360695907865, 'confusion_matrix': [[143, 281], [39, 115]]}, 'duration_seconds': 100.58020960897557}, {'epoch': 13, 'train': {'loss': 0.7591438255002422, 'balanced_accuracy': 0.4894237548269299, 'specificity': 0.4539856312008211, 'sensitivity': 0.5248618784530387, 'auc': 0.49684442117479394, 'confusion_matrix': [[1327, 1596], [430, 475]]}, 'differential_privacy': {'epsilon': 2.4354071884219053, 'delta': 1e-05}, 'validation': {'loss': 0.7062793850898743, 'balanced_accuracy': 0.5514426611124724, 'specificity': 0.3561320754716981, 'sensitivity': 0.7467532467532467, 'auc': 0.564850833129135, 'confusion_matrix': [[151, 273], [39, 115]]}, 'duration_seconds': 96.86031420802465}, {'epoch': 14, 'train': {'loss': 0.7652649110363375, 'balanced_accuracy': 0.48997027934214, 'specificity': 0.44505683775404753, 'sensitivity': 0.5348837209302325, 'auc': 0.4876436965769172, 'confusion_matrix': [[1292, 1611], [400, 460]]}, 'differential_privacy': {'epsilon': 2.529446870586119, 'delta': 1e-05}, 'validation': {'loss': 0.7042878866195679, 'balanced_accuracy': 0.5434942416074492, 'specificity': 0.32075471698113206, 'sensitivity': 0.7662337662337663, 'auc': 0.571551090419015, 'confusion_matrix': [[136, 288], [36, 118]]}, 'duration_seconds': 97.68404703098349}, {'epoch': 15, 'train': {'loss': 0.7522587468547206, 'balanced_accuracy': 0.5171409909598365, 'specificity': 0.41950034698126304, 'sensitivity': 0.6147816349384099, 'auc': 0.5175818087010312, 'confusion_matrix': [[1209, 1673], [344, 549]]}, 'differential_privacy': {'epsilon': 2.6207213090214534, 'delta': 1e-05}, 'validation': {'loss': 0.7016716837882996, 'balanced_accuracy': 0.5623621661357511, 'specificity': 0.3584905660377358, 'sensitivity': 0.7662337662337663, 'auc': 0.5901586620926245, 'confusion_matrix': [[152, 272], [36, 118]]}, 'duration_seconds': 101.89436457000556}, {'epoch': 16, 'train': {'loss': 0.7487792507294686, 'balanced_accuracy': 0.5101687073795219, 'specificity': 0.44934976043805613, 'sensitivity': 0.5709876543209876, 'auc': 0.520287065908406, 'confusion_matrix': [[1313, 1609], [417, 555]]}, 'differential_privacy': {'epsilon': 2.709496156376761, 'delta': 1e-05}, 'validation': {'loss': 0.6993916392326355, 'balanced_accuracy': 0.5644296740994854, 'specificity': 0.3561320754716981, 'sensitivity': 0.7727272727272727, 'auc': 0.6023033570203382, 'confusion_matrix': [[151, 273], [35, 119]]}, 'duration_seconds': 114.20872426801361}, {'epoch': 17, 'train': {'loss': 0.7531164903794566, 'balanced_accuracy': 0.5065617358890617, 'specificity': 0.44123505976095617, 'sensitivity': 0.5718884120171673, 'auc': 0.5093310591681913, 'confusion_matrix': [[1329, 1683], [399, 533]]}, 'differential_privacy': {'epsilon': 2.795996859264169, 'delta': 1e-05}, 'validation': {'loss': 0.6977315068244934, 'balanced_accuracy': 0.5776923548149964, 'specificity': 0.3891509433962264, 'sensitivity': 0.7662337662337663, 'auc': 0.6135751041411419, 'confusion_matrix': [[165, 259], [36, 118]]}, 'duration_seconds': 111.34636586200213}, {'epoch': 18, 'train': {'loss': 0.753902143047702, 'balanced_accuracy': 0.5234597985089064, 'specificity': 0.4526845637583893, 'sensitivity': 0.5942350332594235, 'auc': 0.5186048155478504, 'confusion_matrix': [[1349, 1631], [366, 536]]}, 'differential_privacy': {'epsilon': 2.880416724663862, 'delta': 1e-05}, 'validation': {'loss': 0.6964602708816529, 'balanced_accuracy': 0.5856714040676305, 'specificity': 0.37264150943396224, 'sensitivity': 0.7987012987012987, 'auc': 0.6184911786326881, 'confusion_matrix': [[158, 266], [31, 123]]}, 'duration_seconds': 109.06239639999694}, {'epoch': 19, 'train': {'loss': 0.7463063520769919, 'balanced_accuracy': 0.5200977859589218, 'specificity': 0.44661860624785443, 'sensitivity': 0.593576965669989, 'auc': 0.5288238959352413, 'confusion_matrix': [[1301, 1612], [367, 536]]}, 'differential_privacy': {'epsilon': 2.962923007179877, 'delta': 1e-05}, 'validation': {'loss': 0.6946683526039124, 'balanced_accuracy': 0.5836038961038961, 'specificity': 0.375, 'sensitivity': 0.7922077922077922, 'auc': 0.6295178877726048, 'confusion_matrix': [[159, 265], [32, 122]]}, 'duration_seconds': 98.10606896999525}, {'epoch': 20, 'train': {'loss': 0.7495160468163029, 'balanced_accuracy': 0.5309977892992709, 'specificity': 0.4562687063518457, 'sensitivity': 0.6057268722466961, 'auc': 0.528338978506832, 'confusion_matrix': [[1372, 1635], [358, 550]]}, 'differential_privacy': {'epsilon': 3.0436615820265773, 'delta': 1e-05}, 'validation': {'loss': 0.6934269547462464, 'balanced_accuracy': 0.5841858613085028, 'specificity': 0.3891509433962264, 'sensitivity': 0.7792207792207793, 'auc': 0.6361645430041656, 'confusion_matrix': [[165, 259], [34, 120]]}, 'duration_seconds': 111.05950648500584}, {'epoch': 21, 'train': {'loss': 0.7481405465833603, 'balanced_accuracy': 0.5199445851839909, 'specificity': 0.46579476861167, 'sensitivity': 0.5740944017563118, 'auc': 0.5292854823783535, 'confusion_matrix': [[1389, 1593], [388, 523]]}, 'differential_privacy': {'epsilon': 3.122760578973055, 'delta': 1e-05}, 'validation': {'loss': 0.6933567643165588, 'balanced_accuracy': 0.5868200196030384, 'specificity': 0.4268867924528302, 'sensitivity': 0.7467532467532467, 'auc': 0.6407283753981867, 'confusion_matrix': [[181, 243], [39, 115]]}, 'duration_seconds': 111.20776379300514}, {'epoch': 22, 'train': {'loss': 0.7442042712242373, 'balanced_accuracy': 0.5285060222440154, 'specificity': 0.46845318860244234, 'sensitivity': 0.5885588558855885, 'auc': 0.5401062494309132, 'confusion_matrix': [[1381, 1567], [374, 535]]}, 'differential_privacy': {'epsilon': 3.2003332744081234, 'delta': 1e-05}, 'validation': {'loss': 0.6933960080146789, 'balanced_accuracy': 0.5832822837539818, 'specificity': 0.419811320754717, 'sensitivity': 0.7467532467532467, 'auc': 0.6389212202891448, 'confusion_matrix': [[178, 246], [39, 115]]}, 'duration_seconds': 116.97147981700255}, {'epoch': 23, 'train': {'loss': 0.7495172043000499, 'balanced_accuracy': 0.5187832773088625, 'specificity': 0.4585597826086957, 'sensitivity': 0.5790067720090294, 'auc': 0.5232335423005201, 'confusion_matrix': [[1350, 1594], [373, 513]]}, 'differential_privacy': {'epsilon': 3.2764804294158867, 'delta': 1e-05}, 'validation': {'loss': 0.6930883049964904, 'balanced_accuracy': 0.5853497917177163, 'specificity': 0.41745283018867924, 'sensitivity': 0.7532467532467533, 'auc': 0.6390131095319774, 'confusion_matrix': [[177, 247], [38, 116]]}, 'duration_seconds': 101.94879190399661}, {'epoch': 24, 'train': {'loss': 0.7424553940373082, 'balanced_accuracy': 0.5351325426541382, 'specificity': 0.4582777036048064, 'sensitivity': 0.61198738170347, 'auc': 0.5422508665602507, 'confusion_matrix': [[1373, 1623], [369, 582]]}, 'differential_privacy': {'epsilon': 3.3512921160509737, 'delta': 1e-05}, 'validation': {'loss': 0.6925392985343933, 'balanced_accuracy': 0.5951053663317815, 'specificity': 0.3915094339622642, 'sensitivity': 0.7987012987012987, 'auc': 0.6383086253369272, 'confusion_matrix': [[166, 258], [31, 123]]}, 'duration_seconds': 115.51258469399181}, {'epoch': 25, 'train': {'loss': 0.7505906147341574, 'balanced_accuracy': 0.5164885808707455, 'specificity': 0.43841194435018666, 'sensitivity': 0.5945652173913043, 'auc': 0.5203914076216049, 'confusion_matrix': [[1292, 1655], [373, 547]]}, 'differential_privacy': {'epsilon': 3.4248492588769652, 'delta': 1e-05}, 'validation': {'loss': 0.6924179077148438, 'balanced_accuracy': 0.5892091399166871, 'specificity': 0.37971698113207547, 'sensitivity': 0.7987012987012987, 'auc': 0.6377726047537369, 'confusion_matrix': [[161, 263], [31, 123]]}, 'duration_seconds': 113.32008228401537}, {'epoch': 26, 'train': {'loss': 0.7322498233087601, 'balanced_accuracy': 0.5452538354336195, 'specificity': 0.4594504021447721, 'sensitivity': 0.6310572687224669, 'auc': 0.5646369477152744, 'confusion_matrix': [[1371, 1613], [335, 573]]}, 'differential_privacy': {'epsilon': 3.4972248826492436, 'delta': 1e-05}, 'validation': {'loss': 0.6918783903121948, 'balanced_accuracy': 0.5853651065915217, 'specificity': 0.3915094339622642, 'sensitivity': 0.7792207792207793, 'auc': 0.6414481744670423, 'confusion_matrix': [[166, 258], [34, 120]]}, 'duration_seconds': 101.78663906699512}, {'epoch': 27, 'train': {'loss': 0.7533132030117896, 'balanced_accuracy': 0.5060335407857856, 'specificity': 0.44063851014299965, 'sensitivity': 0.5714285714285714, 'auc': 0.5128116883626993, 'confusion_matrix': [[1325, 1682], [381, 508]]}, 'differential_privacy': {'epsilon': 3.568485155819192, 'delta': 1e-05}, 'validation': {'loss': 0.6919196724891663, 'balanced_accuracy': 0.5823940210732663, 'specificity': 0.42452830188679247, 'sensitivity': 0.7402597402597403, 'auc': 0.6446183533447685, 'confusion_matrix': [[180, 244], [40, 114]]}, 'duration_seconds': 101.83417149298475}, {'epoch': 28, 'train': {'loss': 0.7400261029120414, 'balanced_accuracy': 0.5385343315984302, 'specificity': 0.46723259762309, 'sensitivity': 0.6098360655737705, 'auc': 0.5473296408657816, 'confusion_matrix': [[1376, 1569], [357, 558]]}, 'differential_privacy': {'epsilon': 3.6386902563929593, 'delta': 1e-05}, 'validation': {'loss': 0.6926299571990967, 'balanced_accuracy': 0.5847371967654986, 'specificity': 0.455188679245283, 'sensitivity': 0.7142857142857143, 'auc': 0.6449705954422935, 'confusion_matrix': [[193, 231], [44, 110]]}, 'duration_seconds': 111.49450085198623}, {'epoch': 29, 'train': {'loss': 0.745018228407829, 'balanced_accuracy': 0.5136046098002954, 'specificity': 0.4593481989708405, 'sensitivity': 0.5678610206297503, 'auc': 0.5284145616946305, 'confusion_matrix': [[1339, 1576], [398, 523]]}, 'differential_privacy': {'epsilon': 3.7078951192614604, 'delta': 1e-05}, 'validation': {'loss': 0.6928665995597839, 'balanced_accuracy': 0.5747059544229356, 'specificity': 0.4481132075471698, 'sensitivity': 0.7012987012987013, 'auc': 0.6442048517520216, 'confusion_matrix': [[190, 234], [46, 108]]}, 'duration_seconds': 97.35787413199432}, {'epoch': 30, 'train': {'loss': 0.7381098424234698, 'balanced_accuracy': 0.5387848841513065, 'specificity': 0.47868087941372417, 'sensitivity': 0.5988888888888889, 'auc': 0.5528691983122364, 'confusion_matrix': [[1437, 1565], [361, 539]]}, 'differential_privacy': {'epsilon': 3.7761500472156633, 'delta': 1e-05}, 'validation': {'loss': 0.6919431447982788, 'balanced_accuracy': 0.5779527076696888, 'specificity': 0.4481132075471698, 'sensitivity': 0.7077922077922078, 'auc': 0.6469615290370008, 'confusion_matrix': [[190, 234], [45, 109]]}, 'duration_seconds': 114.59840545200859}, {'epoch': 31, 'train': {'loss': 0.7427651805262412, 'balanced_accuracy': 0.5254195861169952, 'specificity': 0.4626038781163435, 'sensitivity': 0.5882352941176471, 'auc': 0.5371073153559757, 'confusion_matrix': [[1336, 1552], [371, 530]]}, 'differential_privacy': {'epsilon': 3.8435012285588703, 'delta': 1e-05}, 'validation': {'loss': 0.6914303421974182, 'balanced_accuracy': 0.5835579514824798, 'specificity': 0.4528301886792453, 'sensitivity': 0.7142857142857143, 'auc': 0.6514641019358002, 'confusion_matrix': [[192, 232], [44, 110]]}, 'duration_seconds': 98.71568579500308}, {'epoch': 32, 'train': {'loss': 0.7424537231845241, 'balanced_accuracy': 0.5285584407298711, 'specificity': 0.47794117647058826, 'sensitivity': 0.579175704989154, 'auc': 0.5427147737422715, 'confusion_matrix': [[1430, 1562], [388, 534]]}, 'differential_privacy': {'epsilon': 3.909991218561947, 'delta': 1e-05}, 'validation': {'loss': 0.6907543301582336, 'balanced_accuracy': 0.5826850036755697, 'specificity': 0.43160377358490565, 'sensitivity': 0.7337662337662337, 'auc': 0.6515253614310218, 'confusion_matrix': [[183, 241], [41, 113]]}, 'duration_seconds': 112.56353042999399}, {'epoch': 33, 'train': {'loss': 0.7368420977746287, 'balanced_accuracy': 0.5397427311791952, 'specificity': 0.4595959595959596, 'sensitivity': 0.6198895027624309, 'auc': 0.5560875792919991, 'confusion_matrix': [[1365, 1605], [344, 561]]}, 'differential_privacy': {'epsilon': 3.9756593112162, 'delta': 1e-05}, 'validation': {'loss': 0.6901352763175964, 'balanced_accuracy': 0.5885812300906641, 'specificity': 0.44339622641509435, 'sensitivity': 0.7337662337662337, 'auc': 0.6538072776280324, 'confusion_matrix': [[188, 236], [41, 113]]}, 'duration_seconds': 117.59286439800053}, {'epoch': 34, 'train': {'loss': 0.7356070626166559, 'balanced_accuracy': 0.5323185863936812, 'specificity': 0.4576502732240437, 'sensitivity': 0.6069868995633187, 'auc': 0.5510292880664328, 'confusion_matrix': [[1340, 1588], [360, 556]]}, 'differential_privacy': {'epsilon': 4.040541895596256, 'delta': 1e-05}, 'validation': {'loss': 0.6895323991775513, 'balanced_accuracy': 0.5897757902474884, 'specificity': 0.419811320754717, 'sensitivity': 0.7597402597402597, 'auc': 0.6548180592991915, 'confusion_matrix': [[178, 246], [37, 117]]}, 'duration_seconds': 104.77436282299459}, {'epoch': 35, 'train': {'loss': 0.7301985832952684, 'balanced_accuracy': 0.5280219843363041, 'specificity': 0.4412898703119523, 'sensitivity': 0.6147540983606558, 'auc': 0.5517908241540398, 'confusion_matrix': [[1259, 1594], [376, 600]]}, 'differential_privacy': {'epsilon': 4.104672719658694, 'delta': 1e-05}, 'validation': {'loss': 0.6884873867034912, 'balanced_accuracy': 0.5921495956873315, 'specificity': 0.39858490566037735, 'sensitivity': 0.7857142857142857, 'auc': 0.6567324185248713, 'confusion_matrix': [[169, 255], [33, 121]]}, 'duration_seconds': 94.35684862500057}, {'epoch': 36, 'train': {'loss': 0.7344082843872809, 'balanced_accuracy': 0.5556210746793706, 'specificity': 0.45808899620558813, 'sensitivity': 0.6531531531531531, 'auc': 0.5682376495156765, 'confusion_matrix': [[1328, 1571], [308, 580]]}, 'differential_privacy': {'epsilon': 4.168083184446153, 'delta': 1e-05}, 'validation': {'loss': 0.6879135608673096, 'balanced_accuracy': 0.5980458221024259, 'specificity': 0.41037735849056606, 'sensitivity': 0.7857142857142857, 'auc': 0.6605458221024259, 'confusion_matrix': [[174, 250], [33, 121]]}, 'duration_seconds': 104.07894590499927}, {'epoch': 37, 'train': {'loss': 0.7394375801086426, 'balanced_accuracy': 0.5318828434749162, 'specificity': 0.4381084840055633, 'sensitivity': 0.6256572029442692, 'auc': 0.5370695366417605, 'confusion_matrix': [[1260, 1616], [356, 595]]}, 'differential_privacy': {'epsilon': 4.230802548850019, 'delta': 1e-05}, 'validation': {'loss': 0.6878346085548401, 'balanced_accuracy': 0.6018745405537859, 'specificity': 0.42452830188679247, 'sensitivity': 0.7792207792207793, 'auc': 0.6626286449399656, 'confusion_matrix': [[180, 244], [34, 120]]}, 'duration_seconds': 98.6797577360121}, {'epoch': 38, 'train': {'loss': 0.7203213591729442, 'balanced_accuracy': 0.550122353410638, 'specificity': 0.4626396648044693, 'sensitivity': 0.6376050420168067, 'auc': 0.5819810029458711, 'confusion_matrix': [[1325, 1539], [345, 607]]}, 'differential_privacy': {'epsilon': 4.292858136952556, 'delta': 1e-05}, 'validation': {'loss': 0.6879532337188721, 'balanced_accuracy': 0.6039420485175202, 'specificity': 0.4221698113207547, 'sensitivity': 0.7857142857142857, 'auc': 0.6617403822592502, 'confusion_matrix': [[179, 245], [33, 121]]}, 'duration_seconds': 99.72344839398284}, {'epoch': 39, 'train': {'loss': 0.7325885911141673, 'balanced_accuracy': 0.5344974675582749, 'specificity': 0.44224196855775805, 'sensitivity': 0.6267529665587918, 'auc': 0.5572352475776082, 'confusion_matrix': [[1294, 1632], [346, 581]]}, 'differential_privacy': {'epsilon': 4.354275499677936, 'delta': 1e-05}, 'validation': {'loss': 0.6881111264228821, 'balanced_accuracy': 0.6021655231560892, 'specificity': 0.43160377358490565, 'sensitivity': 0.7727272727272727, 'auc': 0.6626133300661603, 'confusion_matrix': [[183, 241], [35, 119]]}, 'duration_seconds': 110.70059252198553}, {'epoch': 40, 'train': {'loss': 0.7303099036216736, 'balanced_accuracy': 0.5547165464850907, 'specificity': 0.4623115577889447, 'sensitivity': 0.6471215351812367, 'auc': 0.5684338537034854, 'confusion_matrix': [[1380, 1605], [331, 607]]}, 'differential_privacy': {'epsilon': 4.415078581177066, 'delta': 1e-05}, 'validation': {'loss': 0.6878867983818054, 'balanced_accuracy': 0.6074797843665768, 'specificity': 0.42924528301886794, 'sensitivity': 0.7857142857142857, 'auc': 0.6627052193089928, 'confusion_matrix': [[182, 242], [33, 121]]}, 'duration_seconds': 108.19569624599535}, {'epoch': 41, 'train': {'loss': 0.7275639560914808, 'balanced_accuracy': 0.5412427923231824, 'specificity': 0.46590527376553575, 'sensitivity': 0.616580310880829, 'auc': 0.5657425408268226, 'confusion_matrix': [[1387, 1590], [370, 595]]}, 'differential_privacy': {'epsilon': 4.475289872849594, 'delta': 1e-05}, 'validation': {'loss': 0.6882435560226441, 'balanced_accuracy': 0.6080617495711835, 'specificity': 0.44339622641509435, 'sensitivity': 0.7727272727272727, 'auc': 0.6617863268806665, 'confusion_matrix': [[188, 236], [35, 119]]}, 'duration_seconds': 113.67888233999838}, {'epoch': 42, 'train': {'loss': 0.7247967969986701, 'balanced_accuracy': 0.5596300694075474, 'specificity': 0.4726904922454484, 'sensitivity': 0.6465696465696466, 'auc': 0.5765033862640067, 'confusion_matrix': [[1402, 1564], [340, 622]]}, 'differential_privacy': {'epsilon': 4.534930498149709, 'delta': 1e-05}, 'validation': {'loss': 0.6881511688232422, 'balanced_accuracy': 0.6115994854202401, 'specificity': 0.45047169811320753, 'sensitivity': 0.7727272727272727, 'auc': 0.66278179367802, 'confusion_matrix': [[191, 233], [35, 119]]}, 'duration_seconds': 110.99157529900549}, {'epoch': 43, 'train': {'loss': 0.732696202493483, 'balanced_accuracy': 0.5404358463462205, 'specificity': 0.47500850051003063, 'sensitivity': 0.6058631921824105, 'auc': 0.5575402385163739, 'confusion_matrix': [[1397, 1544], [363, 558]]}, 'differential_privacy': {'epsilon': 4.594020365619634, 'delta': 1e-05}, 'validation': {'loss': 0.6880236625671386, 'balanced_accuracy': 0.6145552560646901, 'specificity': 0.44339622641509435, 'sensitivity': 0.7857142857142857, 'auc': 0.6622610879686351, 'confusion_matrix': [[188, 236], [33, 121]]}, 'duration_seconds': 118.829479506996}, {'epoch': 44, 'train': {'loss': 0.7265145894019834, 'balanced_accuracy': 0.5550450815446124, 'specificity': 0.48001332445036643, 'sensitivity': 0.6300768386388584, 'auc': 0.5824528982142164, 'confusion_matrix': [[1441, 1561], [337, 574]]}, 'differential_privacy': {'epsilon': 4.652578228331506, 'delta': 1e-05}, 'validation': {'loss': 0.6877775549888611, 'balanced_accuracy': 0.608950012251899, 'specificity': 0.4386792452830189, 'sensitivity': 0.7792207792207793, 'auc': 0.6629349424160745, 'confusion_matrix': [[186, 238], [34, 120]]}, 'duration_seconds': 101.38918559998274}, {'epoch': 45, 'train': {'loss': 0.7269413874995324, 'balanced_accuracy': 0.5589469466195384, 'specificity': 0.47020323802962455, 'sensitivity': 0.6476906552094522, 'auc': 0.5734787487887081, 'confusion_matrix': [[1365, 1538], [328, 603]]}, 'differential_privacy': {'epsilon': 4.71062181763583, 'delta': 1e-05}, 'validation': {'loss': 0.687988817691803, 'balanced_accuracy': 0.6068825042881647, 'specificity': 0.4410377358490566, 'sensitivity': 0.7727272727272727, 'auc': 0.6627358490566038, 'confusion_matrix': [[187, 237], [35, 119]]}, 'duration_seconds': 108.29406134597957}, {'epoch': 46, 'train': {'loss': 0.7213670592154225, 'balanced_accuracy': 0.5711274157282915, 'specificity': 0.4806332098349613, 'sensitivity': 0.6616216216216216, 'auc': 0.5928034737330796, 'confusion_matrix': [[1427, 1542], [313, 612]]}, 'differential_privacy': {'epsilon': 4.768167866540182, 'delta': 1e-05}, 'validation': {'loss': 0.687744963169098, 'balanced_accuracy': 0.5989187699093359, 'specificity': 0.43160377358490565, 'sensitivity': 0.7662337662337663, 'auc': 0.6622151433472189, 'confusion_matrix': [[183, 241], [36, 118]]}, 'duration_seconds': 106.89159004398971}, {'epoch': 47, 'train': {'loss': 0.7252965261859279, 'balanced_accuracy': 0.5540355826415824, 'specificity': 0.45683327507864385, 'sensitivity': 0.6512378902045209, 'auc': 0.5732648975551466, 'confusion_matrix': [[1307, 1554], [324, 605]]}, 'differential_privacy': {'epsilon': 4.825232236157504, 'delta': 1e-05}, 'validation': {'loss': 0.6876452684402465, 'balanced_accuracy': 0.5989187699093359, 'specificity': 0.43160377358490565, 'sensitivity': 0.7662337662337663, 'auc': 0.6635781671159029, 'confusion_matrix': [[183, 241], [36, 118]]}, 'duration_seconds': 98.849830577994}, {'epoch': 48, 'train': {'loss': 0.7238647322500905, 'balanced_accuracy': 0.5518737798149563, 'specificity': 0.477124183006536, 'sensitivity': 0.6266233766233766, 'auc': 0.5769168911583773, 'confusion_matrix': [[1387, 1520], [345, 579]]}, 'differential_privacy': {'epsilon': 4.881829947325491, 'delta': 1e-05}, 'validation': {'loss': 0.6874679327011108, 'balanced_accuracy': 0.6074797843665768, 'specificity': 0.42924528301886794, 'sensitivity': 0.7857142857142857, 'auc': 0.6631034060279344, 'confusion_matrix': [[182, 242], [33, 121]]}, 'duration_seconds': 103.07564279998769}, {'epoch': 49, 'train': {'loss': 0.7239571636722933, 'balanced_accuracy': 0.5467819705610684, 'specificity': 0.46441821247892073, 'sensitivity': 0.629145728643216, 'auc': 0.5732392146228614, 'confusion_matrix': [[1377, 1588], [369, 626]]}, 'differential_privacy': {'epsilon': 4.9379752568456, 'delta': 1e-05}, 'validation': {'loss': 0.6870691657066346, 'balanced_accuracy': 0.6015835579514824, 'specificity': 0.41745283018867924, 'sensitivity': 0.7857142857142857, 'auc': 0.6629349424160745, 'confusion_matrix': [[177, 247], [33, 121]]}, 'duration_seconds': 115.40924011799507}, {'epoch': 50, 'train': {'loss': 0.7217633974167609, 'balanced_accuracy': 0.5627330399763656, 'specificity': 0.4671232876712329, 'sensitivity': 0.6583427922814983, 'auc': 0.5895625689984918, 'confusion_matrix': [[1364, 1556], [301, 580]]}, 'differential_privacy': {'epsilon': 4.993681719535633, 'delta': 1e-05}, 'validation': {'loss': 0.6879293084144592, 'balanced_accuracy': 0.6068671894143592, 'specificity': 0.4669811320754717, 'sensitivity': 0.7467532467532467, 'auc': 0.6642520215633423, 'confusion_matrix': [[198, 226], [39, 115]]}, 'duration_seconds': 93.55451340699801}]",43,Adam,false,,,,,,,true,target_epsilon,1.35498046875,5.0,1e-05,180.0,true,flat,hooks,0.6145552560646901,0.6622610879686351,0.7857142857142857,0.44339622641509435,0.6880236625671386,0.5974199288256228,0.635498586763909,0.75,0.44483985765124556,0.6810041964054108,0.5881716532665524,0.6269898803508926,0.7623456790123457,0.4139976275207592,0.683874374628067,4.993681719535633,00:01:46,01:28:24
centralized_runs/archive/2026-05-24/fullbackbone_dp_targeteps5_clip_lr_sweep_20260524_113839/adam_fullbackbone_dp_targeteps5_clip200_lesssmooth_b128_e50_seed42_20260524_113839,adam_fullbackbone_dp_targeteps5_clip200_lesssmooth_b128_e50_seed42_20260524_113839,completed,PersistentDataset cache reused from shadow_runs/cache/convnext_256_ras_scale_v1,,,,,"[{'epoch': 1, 'train': {'loss': 0.753575526898907, 'balanced_accuracy': 0.5013415199440607, 'specificity': 0.47812713602187285, 'sensitivity': 0.5245559038662487, 'auc': 0.4934893517635639, 'confusion_matrix': [[1399, 1527], [455, 502]]}, 'differential_privacy': {'epsilon': 0.7697666306172894, 'delta': 1e-05}, 'validation': {'loss': 0.7076584339141846, 'balanced_accuracy': 0.5195570938495466, 'specificity': 0.37028301886792453, 'sensitivity': 0.6688311688311688, 'auc': 0.50191435922568, 'confusion_matrix': [[157, 267], [51, 103]]}, 'duration_seconds': 97.81925255400711}, {'epoch': 2, 'train': {'loss': 0.7590364275440094, 'balanced_accuracy': 0.4856578079217896, 'specificity': 0.4574858286095365, 'sensitivity': 0.5138297872340426, 'auc': 0.48146403411066097, 'confusion_matrix': [[1372, 1627], [457, 483]]}, 'differential_privacy': {'epsilon': 1.012341265936871, 'delta': 1e-05}, 'validation': {'loss': 0.7063297033309937, 'balanced_accuracy': 0.5243047047292331, 'specificity': 0.3278301886792453, 'sensitivity': 0.7207792207792207, 'auc': 0.5073511394266111, 'confusion_matrix': [[139, 285], [43, 111]]}, 'duration_seconds': 125.51384211698314}, {'epoch': 3, 'train': {'loss': 0.7532138670644453, 'balanced_accuracy': 0.5000079259400165, 'specificity': 0.45239680426098533, 'sensitivity': 0.5476190476190477, 'auc': 0.49959739827416255, 'confusion_matrix': [[1359, 1645], [418, 506]]}, 'differential_privacy': {'epsilon': 1.2059361016394932, 'delta': 1e-05}, 'validation': {'loss': 0.7061676859855652, 'balanced_accuracy': 0.5219308992893898, 'specificity': 0.3490566037735849, 'sensitivity': 0.6948051948051948, 'auc': 0.5089745160499878, 'confusion_matrix': [[148, 276], [47, 107]]}, 'duration_seconds': 102.45914920800715}, {'epoch': 4, 'train': {'loss': 0.7544070886027429, 'balanced_accuracy': 0.48931816903353154, 'specificity': 0.47079934747145186, 'sensitivity': 0.5078369905956113, 'auc': 0.4907815853307218, 'confusion_matrix': [[1443, 1622], [471, 486]]}, 'differential_privacy': {'epsilon': 1.3732476713160413, 'delta': 1e-05}, 'validation': {'loss': 0.7054158449172974, 'balanced_accuracy': 0.5213183043371723, 'specificity': 0.3867924528301887, 'sensitivity': 0.6558441558441559, 'auc': 0.5158968390100466, 'confusion_matrix': [[164, 260], [53, 101]]}, 'duration_seconds': 119.03937310000765}, {'epoch': 5, 'train': {'loss': 0.7449146547625142, 'balanced_accuracy': 0.5119819282813074, 'specificity': 0.46828933836133013, 'sensitivity': 0.5556745182012848, 'auc': 0.5097998589087525, 'confusion_matrix': [[1366, 1551], [415, 519]]}, 'differential_privacy': {'epsilon': 1.523362882849453, 'delta': 1e-05}, 'validation': {'loss': 0.7042128324508667, 'balanced_accuracy': 0.5239830923793187, 'specificity': 0.37264150943396224, 'sensitivity': 0.6753246753246753, 'auc': 0.5216705464346973, 'confusion_matrix': [[158, 266], [50, 104]]}, 'duration_seconds': 98.33698894700501}, {'epoch': 6, 'train': {'loss': 0.751965961148662, 'balanced_accuracy': 0.5117901808445733, 'specificity': 0.4762235334953141, 'sensitivity': 0.5473568281938326, 'auc': 0.4993218519634182, 'confusion_matrix': [[1372, 1509], [411, 497]]}, 'differential_privacy': {'epsilon': 1.661063561892472, 'delta': 1e-05}, 'validation': {'loss': 0.7031223893165588, 'balanced_accuracy': 0.5337233521195786, 'specificity': 0.37264150943396224, 'sensitivity': 0.6948051948051948, 'auc': 0.5277811810830679, 'confusion_matrix': [[158, 266], [47, 107]]}, 'duration_seconds': 96.53762773799826}, {'epoch': 7, 'train': {'loss': 0.7511477739580216, 'balanced_accuracy': 0.501377871706626, 'specificity': 0.4745942131263232, 'sensitivity': 0.5281615302869288, 'auc': 0.49347643650015705, 'confusion_matrix': [[1345, 1489], [444, 497]]}, 'differential_privacy': {'epsilon': 1.7892451578624213, 'delta': 1e-05}, 'validation': {'loss': 0.7020031452178955, 'balanced_accuracy': 0.544045577064445, 'specificity': 0.3867924528301887, 'sensitivity': 0.7012987012987013, 'auc': 0.5342134280813526, 'confusion_matrix': [[164, 260], [46, 108]]}, 'duration_seconds': 97.45440460700775}, {'epoch': 8, 'train': {'loss': 0.7522503464452682, 'balanced_accuracy': 0.49449456968064, 'specificity': 0.48412427449641515, 'sensitivity': 0.5048648648648648, 'auc': 0.484711505633322, 'confusion_matrix': [[1418, 1511], [458, 467]]}, 'differential_privacy': {'epsilon': 1.9098214051048794, 'delta': 1e-05}, 'validation': {'loss': 0.700696325302124, 'balanced_accuracy': 0.5381340357755452, 'specificity': 0.4009433962264151, 'sensitivity': 0.6753246753246753, 'auc': 0.5443059299191375, 'confusion_matrix': [[170, 254], [50, 104]]}, 'duration_seconds': 95.93229849400814}, {'epoch': 9, 'train': {'loss': 0.7534887213860789, 'balanced_accuracy': 0.49770475269090253, 'specificity': 0.47048903878583476, 'sensitivity': 0.5249204665959704, 'auc': 0.4922011663110986, 'confusion_matrix': [[1395, 1570], [448, 495]]}, 'differential_privacy': {'epsilon': 2.0241367145620113, 'delta': 1e-05}, 'validation': {'loss': 0.7006430983543396, 'balanced_accuracy': 0.5434482969860328, 'specificity': 0.39858490566037735, 'sensitivity': 0.6883116883116883, 'auc': 0.5425447194315118, 'confusion_matrix': [[169, 255], [48, 106]]}, 'duration_seconds': 104.4981481640134}, {'epoch': 10, 'train': {'loss': 0.7468998855160128, 'balanced_accuracy': 0.5050710762848936, 'specificity': 0.48166834846955936, 'sensitivity': 0.5284738041002278, 'auc': 0.5063104002844124, 'confusion_matrix': [[1432, 1541], [414, 464]]}, 'differential_privacy': {'epsilon': 2.13317892958498, 'delta': 1e-05}, 'validation': {'loss': 0.6995609879493714, 'balanced_accuracy': 0.5360665278118109, 'specificity': 0.4033018867924528, 'sensitivity': 0.6688311688311688, 'auc': 0.5502634158294536, 'confusion_matrix': [[171, 253], [51, 103]]}, 'duration_seconds': 109.35045749598066}, {'epoch': 11, 'train': {'loss': 0.752553980196676, 'balanced_accuracy': 0.4997739302543058, 'specificity': 0.4733446519524618, 'sensitivity': 0.5262032085561498, 'auc': 0.48669602244355065, 'confusion_matrix': [[1394, 1551], [443, 492]]}, 'differential_privacy': {'epsilon': 2.2376994037108973, 'delta': 1e-05}, 'validation': {'loss': 0.6988205432891845, 'balanced_accuracy': 0.5404772114677775, 'specificity': 0.43160377358490565, 'sensitivity': 0.6493506493506493, 'auc': 0.5560371232541044, 'confusion_matrix': [[183, 241], [54, 100]]}, 'duration_seconds': 108.42312997000408}, {'epoch': 12, 'train': {'loss': 0.7576693181068667, 'balanced_accuracy': 0.4777520107731327, 'specificity': 0.48025649679379007, 'sensitivity': 0.4752475247524752, 'auc': 0.47852539219497386, 'confusion_matrix': [[1423, 1540], [477, 432]]}, 'differential_privacy': {'epsilon': 2.3382855964476046, 'delta': 1e-05}, 'validation': {'loss': 0.6969876408576965, 'balanced_accuracy': 0.5395736339132566, 'specificity': 0.46226415094339623, 'sensitivity': 0.6168831168831169, 'auc': 0.5686412643959814, 'confusion_matrix': [[196, 228], [59, 95]]}, 'duration_seconds': 101.0549371749803}, {'epoch': 13, 'train': {'loss': 0.7464690400708106, 'balanced_accuracy': 0.48847056021683616, 'specificity': 0.5029079712624016, 'sensitivity': 0.4740331491712707, 'auc': 0.49824198630408856, 'confusion_matrix': [[1470, 1453], [476, 429]]}, 'differential_privacy': {'epsilon': 2.4354071884219053, 'delta': 1e-05}, 'validation': {'loss': 0.6959632992744446, 'balanced_accuracy': 0.542514089683901, 'specificity': 0.4811320754716981, 'sensitivity': 0.6038961038961039, 'auc': 0.5766968880176426, 'confusion_matrix': [[204, 220], [61, 93]]}, 'duration_seconds': 96.8836608939746}, {'epoch': 14, 'train': {'loss': 0.7503352607450178, 'balanced_accuracy': 0.49401341034535245, 'specificity': 0.5043058904581468, 'sensitivity': 0.48372093023255813, 'auc': 0.49301003773161683, 'confusion_matrix': [[1464, 1439], [444, 416]]}, 'differential_privacy': {'epsilon': 2.529446870586119, 'delta': 1e-05}, 'validation': {'loss': 0.6931365251541137, 'balanced_accuracy': 0.5363421955403087, 'specificity': 0.4363207547169811, 'sensitivity': 0.6363636363636364, 'auc': 0.5866821857387895, 'confusion_matrix': [[185, 239], [56, 98]]}, 'duration_seconds': 97.70585710601881}, {'epoch': 15, 'train': {'loss': 0.7386133901534542, 'balanced_accuracy': 0.5219589015653401, 'specificity': 0.47952810548230396, 'sensitivity': 0.5643896976483762, 'auc': 0.5216461133047303, 'confusion_matrix': [[1382, 1500], [389, 504]]}, 'differential_privacy': {'epsilon': 2.6207213090214534, 'delta': 1e-05}, 'validation': {'loss': 0.6902938961982727, 'balanced_accuracy': 0.5566803479539328, 'specificity': 0.4834905660377358, 'sensitivity': 0.6298701298701299, 'auc': 0.6044168096054888, 'confusion_matrix': [[205, 219], [57, 97]]}, 'duration_seconds': 102.46382449002704}, {'epoch': 16, 'train': {'loss': 0.7372245038709333, 'balanced_accuracy': 0.5084057934274681, 'specificity': 0.49623545516769335, 'sensitivity': 0.5205761316872428, 'auc': 0.5219999830996864, 'confusion_matrix': [[1450, 1472], [466, 506]]}, 'differential_privacy': {'epsilon': 2.709496156376761, 'delta': 1e-05}, 'validation': {'loss': 0.6883345961570739, 'balanced_accuracy': 0.5649503798088704, 'specificity': 0.4740566037735849, 'sensitivity': 0.6558441558441559, 'auc': 0.6131616025483949, 'confusion_matrix': [[201, 223], [53, 101]]}, 'duration_seconds': 115.15717667600256}, {'epoch': 17, 'train': {'loss': 0.7403898200681133, 'balanced_accuracy': 0.5035145540869426, 'specificity': 0.48771580345285526, 'sensitivity': 0.51931330472103, 'auc': 0.5106954157618453, 'confusion_matrix': [[1469, 1543], [448, 484]]}, 'differential_privacy': {'epsilon': 2.795996859264169, 'delta': 1e-05}, 'validation': {'loss': 0.6869750261306763, 'balanced_accuracy': 0.5599271012006861, 'specificity': 0.4834905660377358, 'sensitivity': 0.6363636363636364, 'auc': 0.6204974271012007, 'confusion_matrix': [[205, 219], [56, 98]]}, 'duration_seconds': 112.05645067399018}, {'epoch': 18, 'train': {'loss': 0.7405263397001451, 'balanced_accuracy': 0.5263229363532196, 'specificity': 0.4983221476510067, 'sensitivity': 0.5543237250554324, 'auc': 0.5198325123885772, 'confusion_matrix': [[1485, 1495], [402, 500]]}, 'differential_privacy': {'epsilon': 2.880416724663862, 'delta': 1e-05}, 'validation': {'loss': 0.686038327217102, 'balanced_accuracy': 0.572041166380789, 'specificity': 0.46226415094339623, 'sensitivity': 0.6818181818181818, 'auc': 0.6235144572408723, 'confusion_matrix': [[196, 228], [49, 105]]}, 'duration_seconds': 110.38902792800218}, {'epoch': 19, 'train': {'loss': 0.7332888783947114, 'balanced_accuracy': 0.5244048616979904, 'specificity': 0.4939924476484724, 'sensitivity': 0.5548172757475083, 'auc': 0.5287777059266533, 'confusion_matrix': [[1439, 1474], [402, 501]]}, 'differential_privacy': {'epsilon': 2.962923007179877, 'delta': 1e-05}, 'validation': {'loss': 0.6844666481018067, 'balanced_accuracy': 0.5693763783386425, 'specificity': 0.47641509433962265, 'sensitivity': 0.6623376623376623, 'auc': 0.6315853957363391, 'confusion_matrix': [[202, 222], [52, 102]]}, 'duration_seconds': 98.11075079499278}, {'epoch': 20, 'train': {'loss': 0.7356570093862472, 'balanced_accuracy': 0.5327384048087502, 'specificity': 0.5004988360492185, 'sensitivity': 0.5649779735682819, 'auc': 0.529551457758622, 'confusion_matrix': [[1505, 1502], [395, 513]]}, 'differential_privacy': {'epsilon': 3.0436615820265773, 'delta': 1e-05}, 'validation': {'loss': 0.6831623911857605, 'balanced_accuracy': 0.568488115657927, 'specificity': 0.4811320754716981, 'sensitivity': 0.6558441558441559, 'auc': 0.6379257534917911, 'confusion_matrix': [[204, 220], [53, 101]]}, 'duration_seconds': 112.32277502201032}, {'epoch': 21, 'train': {'loss': 0.7350554677747911, 'balanced_accuracy': 0.5199859972126943, 'specificity': 0.5130784708249497, 'sensitivity': 0.5268935236004391, 'auc': 0.5291706330187491, 'confusion_matrix': [[1530, 1452], [431, 480]]}, 'differential_privacy': {'epsilon': 3.122760578973055, 'delta': 1e-05}, 'validation': {'loss': 0.6830214500427246, 'balanced_accuracy': 0.5785040431266847, 'specificity': 0.5141509433962265, 'sensitivity': 0.6428571428571429, 'auc': 0.6422292330311198, 'confusion_matrix': [[218, 206], [55, 99]]}, 'duration_seconds': 111.78021713299677}, {'epoch': 22, 'train': {'loss': 0.7309251023877051, 'balanced_accuracy': 0.5323618182713794, 'specificity': 0.5135685210312076, 'sensitivity': 0.5511551155115512, 'auc': 0.5403008584440534, 'confusion_matrix': [[1514, 1434], [408, 501]]}, 'differential_privacy': {'epsilon': 3.2003332744081234, 'delta': 1e-05}, 'validation': {'loss': 0.6830763936042785, 'balanced_accuracy': 0.5764365351629502, 'specificity': 0.5165094339622641, 'sensitivity': 0.6363636363636364, 'auc': 0.6412337662337662, 'confusion_matrix': [[219, 205], [56, 98]]}, 'duration_seconds': 118.67024209999363}, {'epoch': 23, 'train': {'loss': 0.7361782039365461, 'balanced_accuracy': 0.5282983640445578, 'specificity': 0.5159646739130435, 'sensitivity': 0.5406320541760722, 'auc': 0.5239539116939838, 'confusion_matrix': [[1519, 1425], [407, 479]]}, 'differential_privacy': {'epsilon': 3.2764804294158867, 'delta': 1e-05}, 'validation': {'loss': 0.6828110456466675, 'balanced_accuracy': 0.5717195540308748, 'specificity': 0.5070754716981132, 'sensitivity': 0.6363636363636364, 'auc': 0.6412184513599608, 'confusion_matrix': [[215, 209], [56, 98]]}, 'duration_seconds': 102.63779638099368}, {'epoch': 24, 'train': {'loss': 0.73038476128732, 'balanced_accuracy': 0.5364150097080018, 'specificity': 0.5050066755674232, 'sensitivity': 0.5678233438485805, 'auc': 0.5420922253154925, 'confusion_matrix': [[1513, 1483], [411, 540]]}, 'differential_privacy': {'epsilon': 3.3512921160509737, 'delta': 1e-05}, 'validation': {'loss': 0.6823820114135742, 'balanced_accuracy': 0.5808778485665278, 'specificity': 0.49292452830188677, 'sensitivity': 0.6688311688311688, 'auc': 0.639763538348444, 'confusion_matrix': [[209, 215], [51, 103]]}, 'duration_seconds': 116.60137724099332}, {'epoch': 25, 'train': {'loss': 0.7381179178914716, 'balanced_accuracy': 0.5247510364261371, 'specificity': 0.4886325076348829, 'sensitivity': 0.5608695652173913, 'auc': 0.5209468730175123, 'confusion_matrix': [[1440, 1507], [404, 516]]}, 'differential_privacy': {'epsilon': 3.4248492588769652, 'delta': 1e-05}, 'validation': {'loss': 0.6822584509849549, 'balanced_accuracy': 0.58147512864494, 'specificity': 0.4811320754716981, 'sensitivity': 0.6818181818181818, 'auc': 0.6395644449889732, 'confusion_matrix': [[204, 220], [49, 105]]}, 'duration_seconds': 114.25777065102011}, {'epoch': 26, 'train': {'loss': 0.7182681252879481, 'balanced_accuracy': 0.5487681732824699, 'specificity': 0.5127345844504021, 'sensitivity': 0.5848017621145375, 'auc': 0.5641117531386189, 'confusion_matrix': [[1530, 1454], [377, 531]]}, 'differential_privacy': {'epsilon': 3.4972248826492436, 'delta': 1e-05}, 'validation': {'loss': 0.681751263141632, 'balanced_accuracy': 0.5817661112472433, 'specificity': 0.4882075471698113, 'sensitivity': 0.6753246753246753, 'auc': 0.64380666503308, 'confusion_matrix': [[207, 217], [50, 104]]}, 'duration_seconds': 101.97331450300408}, {'epoch': 27, 'train': {'loss': 0.7397228094839281, 'balanced_accuracy': 0.5068544599533971, 'specificity': 0.48952444296641173, 'sensitivity': 0.5241844769403825, 'auc': 0.5132128894596523, 'confusion_matrix': [[1472, 1535], [423, 466]]}, 'differential_privacy': {'epsilon': 3.568485155819192, 'delta': 1e-05}, 'validation': {'loss': 0.6818945646286011, 'balanced_accuracy': 0.5808625336927224, 'specificity': 0.5188679245283019, 'sensitivity': 0.6428571428571429, 'auc': 0.6457822837539818, 'confusion_matrix': [[220, 204], [55, 99]]}, 'duration_seconds': 102.22902992001036}, {'epoch': 28, 'train': {'loss': 0.726791460667887, 'balanced_accuracy': 0.536222364478091, 'specificity': 0.5106960950764007, 'sensitivity': 0.5617486338797815, 'auc': 0.5472140425097646, 'confusion_matrix': [[1504, 1441], [401, 514]]}, 'differential_privacy': {'epsilon': 3.6386902563929593, 'delta': 1e-05}, 'validation': {'loss': 0.682602608203888, 'balanced_accuracy': 0.5749509924038226, 'specificity': 0.5330188679245284, 'sensitivity': 0.6168831168831169, 'auc': 0.6459201176182309, 'confusion_matrix': [[226, 198], [59, 95]]}, 'duration_seconds': 112.10411763799493}, {'epoch': 29, 'train': {'loss': 0.7328766257532181, 'balanced_accuracy': 0.5161592571278515, 'specificity': 0.504631217838765, 'sensitivity': 0.5276872964169381, 'auc': 0.528778659932246, 'confusion_matrix': [[1471, 1444], [435, 486]]}, 'differential_privacy': {'epsilon': 3.7078951192614604, 'delta': 1e-05}, 'validation': {'loss': 0.682791781425476, 'balanced_accuracy': 0.5861614800294046, 'specificity': 0.5424528301886793, 'sensitivity': 0.6298701298701299, 'auc': 0.6458741729968145, 'confusion_matrix': [[230, 194], [57, 97]]}, 'duration_seconds': 97.61692331999075}, {'epoch': 30, 'train': {'loss': 0.7231444774135467, 'balanced_accuracy': 0.5383803390332371, 'specificity': 0.5256495669553631, 'sensitivity': 0.5511111111111111, 'auc': 0.5544559182767044, 'confusion_matrix': [[1578, 1424], [404, 496]]}, 'differential_privacy': {'epsilon': 3.7761500472156633, 'delta': 1e-05}, 'validation': {'loss': 0.6818445563316345, 'balanced_accuracy': 0.58704974271012, 'specificity': 0.5377358490566038, 'sensitivity': 0.6363636363636364, 'auc': 0.6490290370007351, 'confusion_matrix': [[228, 196], [56, 98]]}, 'duration_seconds': 115.56266583598335}, {'epoch': 31, 'train': {'loss': 0.730078020403462, 'balanced_accuracy': 0.5327917426313022, 'specificity': 0.5228531855955678, 'sensitivity': 0.5427302996670367, 'auc': 0.5378841914647007, 'confusion_matrix': [[1510, 1378], [412, 489]]}, 'differential_privacy': {'epsilon': 3.8435012285588703, 'delta': 1e-05}, 'validation': {'loss': 0.681212329864502, 'balanced_accuracy': 0.5994394756187209, 'specificity': 0.5495283018867925, 'sensitivity': 0.6493506493506493, 'auc': 0.6530874785591766, 'confusion_matrix': [[233, 191], [54, 100]]}, 'duration_seconds': 98.94723916199291}, {'epoch': 32, 'train': {'loss': 0.7283977289353648, 'balanced_accuracy': 0.5284272158873409, 'specificity': 0.5254010695187166, 'sensitivity': 0.5314533622559653, 'auc': 0.5440688908673309, 'confusion_matrix': [[1572, 1420], [432, 490]]}, 'differential_privacy': {'epsilon': 3.909991218561947, 'delta': 1e-05}, 'validation': {'loss': 0.6804977536201477, 'balanced_accuracy': 0.6071122273952463, 'specificity': 0.5518867924528302, 'sensitivity': 0.6623376623376623, 'auc': 0.6533172016662583, 'confusion_matrix': [[234, 190], [52, 102]]}, 'duration_seconds': 113.42221514999983}, {'epoch': 33, 'train': {'loss': 0.7226327580790366, 'balanced_accuracy': 0.5376648622504976, 'specificity': 0.5195286195286195, 'sensitivity': 0.5558011049723757, 'auc': 0.5563182469259818, 'confusion_matrix': [[1543, 1427], [402, 503]]}, 'differential_privacy': {'epsilon': 3.9756593112162, 'delta': 1e-05}, 'validation': {'loss': 0.6798528432846069, 'balanced_accuracy': 0.6082914726782651, 'specificity': 0.5542452830188679, 'sensitivity': 0.6623376623376623, 'auc': 0.6557522666013232, 'confusion_matrix': [[235, 189], [52, 102]]}, 'duration_seconds': 118.77316754698404}, {'epoch': 34, 'train': {'loss': 0.7225354333077708, 'balanced_accuracy': 0.5391335278115827, 'specificity': 0.5051229508196722, 'sensitivity': 0.5731441048034934, 'auc': 0.5507759368959839, 'confusion_matrix': [[1479, 1449], [391, 525]]}, 'differential_privacy': {'epsilon': 4.040541895596256, 'delta': 1e-05}, 'validation': {'loss': 0.6791017889976502, 'balanced_accuracy': 0.611247243322715, 'specificity': 0.5471698113207547, 'sensitivity': 0.6753246753246753, 'auc': 0.6569621416319529, 'confusion_matrix': [[232, 192], [50, 104]]}, 'duration_seconds': 105.99259664100828}, {'epoch': 35, 'train': {'loss': 0.7188933203297276, 'balanced_accuracy': 0.5272933150609367, 'specificity': 0.491062039957939, 'sensitivity': 0.5635245901639344, 'auc': 0.5529222546873294, 'confusion_matrix': [[1401, 1452], [426, 550]]}, 'differential_privacy': {'epsilon': 4.104672719658694, 'delta': 1e-05}, 'validation': {'loss': 0.6780690908432007, 'balanced_accuracy': 0.6086130850281793, 'specificity': 0.5094339622641509, 'sensitivity': 0.7077922077922078, 'auc': 0.6579116638078903, 'confusion_matrix': [[216, 208], [45, 109]]}, 'duration_seconds': 94.39804751297925}, {'epoch': 36, 'train': {'loss': 0.7201707017037177, 'balanced_accuracy': 0.5602224982830364, 'specificity': 0.5112107623318386, 'sensitivity': 0.6092342342342343, 'auc': 0.5680744991283108, 'confusion_matrix': [[1482, 1417], [347, 541]]}, 'differential_privacy': {'epsilon': 4.168083184446153, 'delta': 1e-05}, 'validation': {'loss': 0.6775439262390137, 'balanced_accuracy': 0.6030078412153884, 'specificity': 0.5047169811320755, 'sensitivity': 0.7012987012987013, 'auc': 0.6615719186473904, 'confusion_matrix': [[214, 210], [46, 108]]}, 'duration_seconds': 104.549461401999}, {'epoch': 37, 'train': {'loss': 0.7277965334153944, 'balanced_accuracy': 0.5229295273696233, 'specificity': 0.4853963838664812, 'sensitivity': 0.5604626708727655, 'auc': 0.5378197900168039, 'confusion_matrix': [[1396, 1480], [418, 533]]}, 'differential_privacy': {'epsilon': 4.230802548850019, 'delta': 1e-05}, 'validation': {'loss': 0.6774729371070862, 'balanced_accuracy': 0.6156885567262926, 'specificity': 0.5235849056603774, 'sensitivity': 0.7077922077922078, 'auc': 0.6633637588826269, 'confusion_matrix': [[222, 202], [45, 109]]}, 'duration_seconds': 98.52401289399131}, {'epoch': 38, 'train': {'loss': 0.7080854523566461, 'balanced_accuracy': 0.5482987887892588, 'specificity': 0.5146648044692738, 'sensitivity': 0.5819327731092437, 'auc': 0.5812153772123374, 'confusion_matrix': [[1474, 1390], [398, 554]]}, 'differential_privacy': {'epsilon': 4.292858136952556, 'delta': 1e-05}, 'validation': {'loss': 0.677638840675354, 'balanced_accuracy': 0.6153975741239892, 'specificity': 0.5165094339622641, 'sensitivity': 0.7142857142857143, 'auc': 0.6613115657926978, 'confusion_matrix': [[219, 205], [44, 110]]}, 'duration_seconds': 99.70135367897456}, {'epoch': 39, 'train': {'loss': 0.7194715507568852, 'balanced_accuracy': 0.5362903433930516, 'specificity': 0.49760765550239233, 'sensitivity': 0.5749730312837109, 'auc': 0.5573559892670777, 'confusion_matrix': [[1456, 1470], [394, 533]]}, 'differential_privacy': {'epsilon': 4.354275499677936, 'delta': 1e-05}, 'validation': {'loss': 0.6777300238609314, 'balanced_accuracy': 0.6201145552560647, 'specificity': 0.5259433962264151, 'sensitivity': 0.7142857142857143, 'auc': 0.6624295515804949, 'confusion_matrix': [[223, 201], [44, 110]]}, 'duration_seconds': 111.37838549699518}, {'epoch': 40, 'train': {'loss': 0.7161960621033946, 'balanced_accuracy': 0.548971581432393, 'specificity': 0.5051926298157454, 'sensitivity': 0.5927505330490405, 'auc': 0.5691728007485901, 'confusion_matrix': [[1508, 1477], [382, 556]]}, 'differential_privacy': {'epsilon': 4.415078581177066, 'delta': 1e-05}, 'validation': {'loss': 0.6774649858474732, 'balanced_accuracy': 0.6162858368047047, 'specificity': 0.5117924528301887, 'sensitivity': 0.7207792207792207, 'auc': 0.6629349424160745, 'confusion_matrix': [[217, 207], [43, 111]]}, 'duration_seconds': 108.44597454898758}, {'epoch': 41, 'train': {'loss': 0.7146563510740956, 'balanced_accuracy': 0.5467182770845915, 'specificity': 0.5183070204904267, 'sensitivity': 0.5751295336787565, 'auc': 0.5660366784379726, 'confusion_matrix': [[1543, 1434], [410, 555]]}, 'differential_privacy': {'epsilon': 4.475289872849594, 'delta': 1e-05}, 'validation': {'loss': 0.6778481125831604, 'balanced_accuracy': 0.6115535407988237, 'specificity': 0.5283018867924528, 'sensitivity': 0.6948051948051948, 'auc': 0.6625673854447439, 'confusion_matrix': [[224, 200], [47, 107]]}, 'duration_seconds': 113.62619972397806}, {'epoch': 42, 'train': {'loss': 0.7120348964968035, 'balanced_accuracy': 0.5585919702575131, 'specificity': 0.5225893459204316, 'sensitivity': 0.5945945945945946, 'auc': 0.5763320052767119, 'confusion_matrix': [[1550, 1416], [390, 572]]}, 'differential_privacy': {'epsilon': 4.534930498149709, 'delta': 1e-05}, 'validation': {'loss': 0.6777513742446899, 'balanced_accuracy': 0.6156732418524871, 'specificity': 0.5495283018867925, 'sensitivity': 0.6818181818181818, 'auc': 0.6636700563587355, 'confusion_matrix': [[233, 191], [49, 105]]}, 'duration_seconds': 112.0909652520204}, {'epoch': 43, 'train': {'loss': 0.7191185162913415, 'balanced_accuracy': 0.5394672866039715, 'specificity': 0.5219313158789527, 'sensitivity': 0.5570032573289903, 'auc': 0.5581368432594555, 'confusion_matrix': [[1535, 1406], [408, 513]]}, 'differential_privacy': {'epsilon': 4.594020365619634, 'delta': 1e-05}, 'validation': {'loss': 0.6776814579963684, 'balanced_accuracy': 0.605641999509924, 'specificity': 0.5424528301886793, 'sensitivity': 0.6688311688311688, 'auc': 0.6631952952707669, 'confusion_matrix': [[230, 194], [51, 103]]}, 'duration_seconds': 120.42668475699611}, {'epoch': 44, 'train': {'loss': 0.7110613969064528, 'balanced_accuracy': 0.5597400854607723, 'specificity': 0.533311125916056, 'sensitivity': 0.5861690450054885, 'auc': 0.5831801850358086, 'confusion_matrix': [[1601, 1401], [377, 534]]}, 'differential_privacy': {'epsilon': 4.652578228331506, 'delta': 1e-05}, 'validation': {'loss': 0.67748464345932, 'balanced_accuracy': 0.6053510169076206, 'specificity': 0.535377358490566, 'sensitivity': 0.6753246753246753, 'auc': 0.6638997794658172, 'confusion_matrix': [[227, 197], [50, 104]]}, 'duration_seconds': 101.69842764199711}, {'epoch': 45, 'train': {'loss': 0.7135970419453036, 'balanced_accuracy': 0.562327648756259, 'specificity': 0.5167068549776094, 'sensitivity': 0.6079484425349087, 'auc': 0.5737277596826573, 'confusion_matrix': [[1500, 1403], [365, 566]]}, 'differential_privacy': {'epsilon': 4.71062181763583, 'delta': 1e-05}, 'validation': {'loss': 0.6776917576789856, 'balanced_accuracy': 0.6035744915461896, 'specificity': 0.5448113207547169, 'sensitivity': 0.6623376623376623, 'auc': 0.6632106101445725, 'confusion_matrix': [[231, 193], [52, 102]]}, 'duration_seconds': 108.6803712430119}, {'epoch': 46, 'train': {'loss': 0.70665668864404, 'balanced_accuracy': 0.5736857436756393, 'specificity': 0.5311552711350623, 'sensitivity': 0.6162162162162163, 'auc': 0.5928500814725133, 'confusion_matrix': [[1577, 1392], [355, 570]]}, 'differential_privacy': {'epsilon': 4.768167866540182, 'delta': 1e-05}, 'validation': {'loss': 0.6774540185928345, 'balanced_accuracy': 0.6009250183778485, 'specificity': 0.5330188679245284, 'sensitivity': 0.6688311688311688, 'auc': 0.6632106101445724, 'confusion_matrix': [[226, 198], [51, 103]]}, 'duration_seconds': 107.36594742699526}, {'epoch': 47, 'train': {'loss': 0.7120725377913444, 'balanced_accuracy': 0.5539968297910844, 'specificity': 0.5138063614120937, 'sensitivity': 0.5941872981700753, 'auc': 0.5728499034376788, 'confusion_matrix': [[1470, 1391], [377, 552]]}, 'differential_privacy': {'epsilon': 4.825232236157504, 'delta': 1e-05}, 'validation': {'loss': 0.6774075984954834, 'balanced_accuracy': 0.5967900024503798, 'specificity': 0.5377358490566038, 'sensitivity': 0.6558441558441559, 'auc': 0.6638997794658172, 'confusion_matrix': [[228, 196], [53, 101]]}, 'duration_seconds': 98.92612269500387}, {'epoch': 48, 'train': {'loss': 0.71026437897836, 'balanced_accuracy': 0.5536417916448877, 'specificity': 0.5304437564499485, 'sensitivity': 0.5768398268398268, 'auc': 0.5769325273969237, 'confusion_matrix': [[1542, 1365], [391, 533]]}, 'differential_privacy': {'epsilon': 4.881829947325491, 'delta': 1e-05}, 'validation': {'loss': 0.6772170901298523, 'balanced_accuracy': 0.5929612839990199, 'specificity': 0.5235849056603774, 'sensitivity': 0.6623376623376623, 'auc': 0.6637466307277627, 'confusion_matrix': [[222, 202], [52, 102]]}, 'duration_seconds': 103.28339753500768}, {'epoch': 49, 'train': {'loss': 0.712680374422381, 'balanced_accuracy': 0.5508029184709382, 'specificity': 0.5146711635750422, 'sensitivity': 0.5869346733668341, 'auc': 0.572171820315744, 'confusion_matrix': [[1526, 1439], [411, 584]]}, 'differential_privacy': {'epsilon': 4.9379752568456, 'delta': 1e-05}, 'validation': {'loss': 0.6767431259155273, 'balanced_accuracy': 0.5914910561136977, 'specificity': 0.5141509433962265, 'sensitivity': 0.6688311688311688, 'auc': 0.6638691497182064, 'confusion_matrix': [[218, 206], [51, 103]]}, 'duration_seconds': 116.60058596299496}, {'epoch': 50, 'train': {'loss': 0.7062537439407841, 'balanced_accuracy': 0.5685541803367904, 'specificity': 0.5184931506849315, 'sensitivity': 0.6186152099886493, 'auc': 0.588894158257273, 'confusion_matrix': [[1514, 1406], [336, 545]]}, 'differential_privacy': {'epsilon': 4.993681719535633, 'delta': 1e-05}, 'validation': {'loss': 0.6776070952415466, 'balanced_accuracy': 0.6062086498407253, 'specificity': 0.5825471698113207, 'sensitivity': 0.6298701298701299, 'auc': 0.6641601323205097, 'confusion_matrix': [[247, 177], [57, 97]]}, 'duration_seconds': 93.55909181199968}]",39,Adam,false,,,,,,,true,target_epsilon,1.35498046875,5.0,1e-05,200.0,true,flat,hooks,0.6201145552560647,0.6624295515804949,0.7142857142857143,0.5259433962264151,0.6777300238609314,0.5965577083607926,0.6344368290789801,0.6604938271604939,0.5326215895610913,0.672288978099823,0.5913514344712447,0.6211172619832168,0.6975308641975309,0.4851720047449585,0.6763978958129883,4.993681719535633,00:01:47,01:28:49
centralized_runs/archive/2026-05-24/fullbackbone_dp_targeteps5_clip_lr_sweep_20260524_113839/adam_fullbackbone_dp_targeteps5_clip200_lrhigherhead_b128_e50_seed42_20260524_113839,adam_fullbackbone_dp_targeteps5_clip200_lrhigherhead_b128_e50_seed42_20260524_113839,completed,PersistentDataset cache reused from shadow_runs/cache/convnext_256_ras_scale_v1,,,,,"[{'epoch': 1, 'train': {'loss': 0.7653289706476273, 'balanced_accuracy': 0.4997210895577502, 'specificity': 0.4654818865345181, 'sensitivity': 0.5339602925809822, 'auc': 0.4939345014002662, 'confusion_matrix': [[1362, 1564], [446, 511]]}, 'differential_privacy': {'epsilon': 0.7697666306172894, 'delta': 1e-05}, 'validation': {'loss': 0.7164907932281495, 'balanced_accuracy': 0.5098627787307033, 'specificity': 0.29245283018867924, 'sensitivity': 0.7272727272727273, 'auc': 0.500245037980887, 'confusion_matrix': [[124, 300], [42, 112]]}, 'duration_seconds': 97.98903079499723}, {'epoch': 2, 'train': {'loss': 0.7708250072694594, 'balanced_accuracy': 0.4859591495037353, 'specificity': 0.4144714904968323, 'sensitivity': 0.5574468085106383, 'auc': 0.481191780238803, 'confusion_matrix': [[1243, 1756], [416, 524]]}, 'differential_privacy': {'epsilon': 1.012341265936871, 'delta': 1e-05}, 'validation': {'loss': 0.7141274690628052, 'balanced_accuracy': 0.5051764273462387, 'specificity': 0.23113207547169812, 'sensitivity': 0.7792207792207793, 'auc': 0.506998897329086, 'confusion_matrix': [[98, 326], [34, 120]]}, 'duration_seconds': 125.56010004100972}, {'epoch': 3, 'train': {'loss': 0.7650784773211325, 'balanced_accuracy': 0.49785062917552925, 'specificity': 0.409121171770972, 'sensitivity': 0.5865800865800865, 'auc': 0.49952714562401646, 'confusion_matrix': [[1229, 1775], [382, 542]]}, 'differential_privacy': {'epsilon': 1.2059361016394932, 'delta': 1e-05}, 'validation': {'loss': 0.7135772109031677, 'balanced_accuracy': 0.5113636363636364, 'specificity': 0.25, 'sensitivity': 0.7727272727272727, 'auc': 0.513262680715511, 'confusion_matrix': [[106, 318], [35, 119]]}, 'duration_seconds': 102.68167439897661}, {'epoch': 4, 'train': {'loss': 0.764675659518088, 'balanced_accuracy': 0.4955702039236944, 'specificity': 0.43523654159869496, 'sensitivity': 0.5559038662486938, 'auc': 0.49155821021715157, 'confusion_matrix': [[1334, 1731], [425, 532]]}, 'differential_privacy': {'epsilon': 1.3732476713160413, 'delta': 1e-05}, 'validation': {'loss': 0.7117581248283387, 'balanced_accuracy': 0.5107510414114187, 'specificity': 0.28773584905660377, 'sensitivity': 0.7337662337662337, 'auc': 0.5295577064444988, 'confusion_matrix': [[122, 302], [41, 113]]}, 'duration_seconds': 119.11548071700963}, {'epoch': 5, 'train': {'loss': 0.7551614276824459, 'balanced_accuracy': 0.5176044732238616, 'specificity': 0.4377785395954748, 'sensitivity': 0.5974304068522484, 'auc': 0.5137382280201932, 'confusion_matrix': [[1277, 1640], [376, 558]]}, 'differential_privacy': {'epsilon': 1.523362882849453, 'delta': 1e-05}, 'validation': {'loss': 0.7091644048690796, 'balanced_accuracy': 0.5178571428571428, 'specificity': 0.25, 'sensitivity': 0.7857142857142857, 'auc': 0.5391907620681206, 'confusion_matrix': [[106, 318], [33, 121]]}, 'duration_seconds': 98.61005989299156}, {'epoch': 6, 'train': {'loss': 0.7609035238142936, 'balanced_accuracy': 0.5107343494595458, 'specificity': 0.4300590072891357, 'sensitivity': 0.5914096916299559, 'auc': 0.5037275205776262, 'confusion_matrix': [[1239, 1642], [371, 537]]}, 'differential_privacy': {'epsilon': 1.661063561892472, 'delta': 1e-05}, 'validation': {'loss': 0.7056170105934143, 'balanced_accuracy': 0.5290676304827249, 'specificity': 0.25943396226415094, 'sensitivity': 0.7987012987012987, 'auc': 0.5602333986767949, 'confusion_matrix': [[110, 314], [31, 123]]}, 'duration_seconds': 96.74498536199098}, {'epoch': 7, 'train': {'loss': 0.7572990367489476, 'balanced_accuracy': 0.5007525890638722, 'specificity': 0.4318983768525053, 'sensitivity': 0.5696068012752391, 'auc': 0.5023685744005724, 'confusion_matrix': [[1224, 1610], [405, 536]]}, 'differential_privacy': {'epsilon': 1.7892451578624213, 'delta': 1e-05}, 'validation': {'loss': 0.702237331867218, 'balanced_accuracy': 0.55118230825778, 'specificity': 0.2971698113207547, 'sensitivity': 0.8051948051948052, 'auc': 0.5819805194805194, 'confusion_matrix': [[126, 298], [30, 124]]}, 'duration_seconds': 97.49723068400635}, {'epoch': 8, 'train': {'loss': 0.759873422884172, 'balanced_accuracy': 0.5009515285172506, 'specificity': 0.44622738135882556, 'sensitivity': 0.5556756756756757, 'auc': 0.49325348564679394, 'confusion_matrix': [[1307, 1622], [411, 514]]}, 'differential_privacy': {'epsilon': 1.9098214051048794, 'delta': 1e-05}, 'validation': {'loss': 0.6980616688728333, 'balanced_accuracy': 0.5632657436902719, 'specificity': 0.3278301886792453, 'sensitivity': 0.7987012987012987, 'auc': 0.6066987258024994, 'confusion_matrix': [[139, 285], [31, 123]]}, 'duration_seconds': 96.10801536598592}, {'epoch': 9, 'train': {'loss': 0.7578875153295456, 'balanced_accuracy': 0.5054018336942663, 'specificity': 0.42967959527824623, 'sensitivity': 0.5811240721102863, 'auc': 0.5062444675330249, 'confusion_matrix': [[1274, 1691], [395, 548]]}, 'differential_privacy': {'epsilon': 2.0241367145620113, 'delta': 1e-05}, 'validation': {'loss': 0.6980382561683655, 'balanced_accuracy': 0.5626837784856653, 'specificity': 0.3136792452830189, 'sensitivity': 0.8116883116883117, 'auc': 0.6069437637833863, 'confusion_matrix': [[133, 291], [29, 125]]}, 'duration_seconds': 104.62577118599438}, {'epoch': 10, 'train': {'loss': 0.7546599776514115, 'balanced_accuracy': 0.5228878432850859, 'specificity': 0.44668684830137906, 'sensitivity': 0.5990888382687927, 'auc': 0.5208359671362689, 'confusion_matrix': [[1328, 1645], [352, 526]]}, 'differential_privacy': {'epsilon': 2.13317892958498, 'delta': 1e-05}, 'validation': {'loss': 0.6959003448486328, 'balanced_accuracy': 0.574476231315854, 'specificity': 0.33726415094339623, 'sensitivity': 0.8116883116883117, 'auc': 0.6187821612349914, 'confusion_matrix': [[143, 281], [29, 125]]}, 'duration_seconds': 109.61571977598942}, {'epoch': 11, 'train': {'loss': 0.7536810848020739, 'balanced_accuracy': 0.5059686044505779, 'specificity': 0.432258064516129, 'sensitivity': 0.5796791443850268, 'auc': 0.5078321818000235, 'confusion_matrix': [[1273, 1672], [393, 542]]}, 'differential_privacy': {'epsilon': 2.2376994037108973, 'delta': 1e-05}, 'validation': {'loss': 0.6949482202529907, 'balanced_accuracy': 0.5818426856162705, 'specificity': 0.3584905660377358, 'sensitivity': 0.8051948051948052, 'auc': 0.6234991423670668, 'confusion_matrix': [[152, 272], [30, 124]]}, 'duration_seconds': 108.5012476569973}, {'epoch': 12, 'train': {'loss': 0.7625546609201739, 'balanced_accuracy': 0.4884740920936508, 'specificity': 0.4400944988187648, 'sensitivity': 0.5368536853685368, 'auc': 0.49430786818135075, 'confusion_matrix': [[1304, 1659], [421, 488]]}, 'differential_privacy': {'epsilon': 2.3382855964476046, 'delta': 1e-05}, 'validation': {'loss': 0.6942521929740906, 'balanced_accuracy': 0.5980611369762313, 'specificity': 0.38443396226415094, 'sensitivity': 0.8116883116883117, 'auc': 0.6289206076941926, 'confusion_matrix': [[163, 261], [29, 125]]}, 'duration_seconds': 101.26966458099196}, {'epoch': 13, 'train': {'loss': 0.7524584493329448, 'balanced_accuracy': 0.5018143396911143, 'specificity': 0.4478275744098529, 'sensitivity': 0.5558011049723757, 'auc': 0.5122618667342075, 'confusion_matrix': [[1309, 1614], [402, 503]]}, 'differential_privacy': {'epsilon': 2.4354071884219053, 'delta': 1e-05}, 'validation': {'loss': 0.6944648623466492, 'balanced_accuracy': 0.6001133300661603, 'specificity': 0.4080188679245283, 'sensitivity': 0.7922077922077922, 'auc': 0.6314628767458956, 'confusion_matrix': [[173, 251], [32, 122]]}, 'duration_seconds': 97.15557364400593}, {'epoch': 14, 'train': {'loss': 0.753405959375443, 'balanced_accuracy': 0.505022671013947, 'specificity': 0.4367895280744058, 'sensitivity': 0.5732558139534883, 'auc': 0.5142388787861796, 'confusion_matrix': [[1268, 1635], [367, 493]]}, 'differential_privacy': {'epsilon': 2.529446870586119, 'delta': 1e-05}, 'validation': {'loss': 0.6932183146476746, 'balanced_accuracy': 0.598673731928449, 'specificity': 0.3466981132075472, 'sensitivity': 0.8506493506493507, 'auc': 0.6278638814016172, 'confusion_matrix': [[147, 277], [23, 131]]}, 'duration_seconds': 97.58448041800875}, {'epoch': 15, 'train': {'loss': 0.74419968358932, 'balanced_accuracy': 0.5251611928073465, 'specificity': 0.40978487161693267, 'sensitivity': 0.6405375139977604, 'auc': 0.5360677891814895, 'confusion_matrix': [[1181, 1701], [321, 572]]}, 'differential_privacy': {'epsilon': 2.6207213090214534, 'delta': 1e-05}, 'validation': {'loss': 0.6918174505233765, 'balanced_accuracy': 0.5886271747120804, 'specificity': 0.36556603773584906, 'sensitivity': 0.8116883116883117, 'auc': 0.6378032345013477, 'confusion_matrix': [[155, 269], [29, 125]]}, 'duration_seconds': 102.4117142430041}, {'epoch': 16, 'train': {'loss': 0.7396671772003174, 'balanced_accuracy': 0.5199582139748692, 'specificity': 0.43394934976043803, 'sensitivity': 0.6059670781893004, 'auc': 0.538376562926909, 'confusion_matrix': [[1268, 1654], [383, 589]]}, 'differential_privacy': {'epsilon': 2.709496156376761, 'delta': 1e-05}, 'validation': {'loss': 0.6919532299041748, 'balanced_accuracy': 0.5700502327860819, 'specificity': 0.33490566037735847, 'sensitivity': 0.8051948051948052, 'auc': 0.6359960793923058, 'confusion_matrix': [[142, 282], [30, 124]]}, 'duration_seconds': 115.1720129220048}, {'epoch': 17, 'train': {'loss': 0.7463140006988279, 'balanced_accuracy': 0.5179696094021624, 'specificity': 0.43293492695883135, 'sensitivity': 0.6030042918454935, 'auc': 0.5267358676880461, 'confusion_matrix': [[1304, 1708], [370, 562]]}, 'differential_privacy': {'epsilon': 2.795996859264169, 'delta': 1e-05}, 'validation': {'loss': 0.6921971797943115, 'balanced_accuracy': 0.5779986522911051, 'specificity': 0.37028301886792453, 'sensitivity': 0.7857142857142857, 'auc': 0.6366546189659398, 'confusion_matrix': [[157, 267], [33, 121]]}, 'duration_seconds': 112.04660140999476}, {'epoch': 18, 'train': {'loss': 0.7479373082037895, 'balanced_accuracy': 0.5360477834491585, 'specificity': 0.4412751677852349, 'sensitivity': 0.6308203991130821, 'auc': 0.5332780249706097, 'confusion_matrix': [[1315, 1665], [333, 569]]}, 'differential_privacy': {'epsilon': 2.880416724663862, 'delta': 1e-05}, 'validation': {'loss': 0.6914018988609314, 'balanced_accuracy': 0.5774166870864984, 'specificity': 0.3561320754716981, 'sensitivity': 0.7987012987012987, 'auc': 0.6376807155109042, 'confusion_matrix': [[151, 273], [31, 123]]}, 'duration_seconds': 110.2111869000073}, {'epoch': 19, 'train': {'loss': 0.739971028220269, 'balanced_accuracy': 0.5250423978659076, 'specificity': 0.4476484723652592, 'sensitivity': 0.602436323366556, 'auc': 0.5439244171790336, 'confusion_matrix': [[1304, 1609], [359, 544]]}, 'differential_privacy': {'epsilon': 2.962923007179877, 'delta': 1e-05}, 'validation': {'loss': 0.6899092078208924, 'balanced_accuracy': 0.5856714040676305, 'specificity': 0.37264150943396224, 'sensitivity': 0.7987012987012987, 'auc': 0.6462570448419506, 'confusion_matrix': [[158, 266], [31, 123]]}, 'duration_seconds': 98.04225520999171}, {'epoch': 20, 'train': {'loss': 0.7433441512046322, 'balanced_accuracy': 0.5371479030573303, 'specificity': 0.45094778849351513, 'sensitivity': 0.6233480176211453, 'auc': 0.5438318299884703, 'confusion_matrix': [[1356, 1651], [342, 566]]}, 'differential_privacy': {'epsilon': 3.0436615820265773, 'delta': 1e-05}, 'validation': {'loss': 0.6892642021179199, 'balanced_accuracy': 0.5850741239892183, 'specificity': 0.38443396226415094, 'sensitivity': 0.7857142857142857, 'auc': 0.6510046557216369, 'confusion_matrix': [[163, 261], [33, 121]]}, 'duration_seconds': 112.54717832102324}, {'epoch': 21, 'train': {'loss': 0.7431975257012152, 'balanced_accuracy': 0.5243811938590931, 'specificity': 0.4647887323943662, 'sensitivity': 0.58397365532382, 'auc': 0.5407593751311381, 'confusion_matrix': [[1386, 1596], [379, 532]]}, 'differential_privacy': {'epsilon': 3.122760578973055, 'delta': 1e-05}, 'validation': {'loss': 0.690061342716217, 'balanced_accuracy': 0.6018592256799804, 'specificity': 0.45047169811320753, 'sensitivity': 0.7532467532467533, 'auc': 0.6562423425630973, 'confusion_matrix': [[191, 233], [38, 116]]}, 'duration_seconds': 111.89771697798278}, {'epoch': 22, 'train': {'loss': 0.7408323018781601, 'balanced_accuracy': 0.5361748861453309, 'specificity': 0.47829036635006783, 'sensitivity': 0.594059405940594, 'auc': 0.5464751699050502, 'confusion_matrix': [[1410, 1538], [369, 540]]}, 'differential_privacy': {'epsilon': 3.2003332744081234, 'delta': 1e-05}, 'validation': {'loss': 0.6889953136444091, 'balanced_accuracy': 0.587708282283754, 'specificity': 0.4221698113207547, 'sensitivity': 0.7532467532467533, 'auc': 0.6572224944866454, 'confusion_matrix': [[179, 245], [38, 116]]}, 'duration_seconds': 118.85070294697653}, {'epoch': 23, 'train': {'loss': 0.7427985841228116, 'balanced_accuracy': 0.5362281780596723, 'specificity': 0.46297554347826086, 'sensitivity': 0.6094808126410836, 'auc': 0.5398572449455296, 'confusion_matrix': [[1363, 1581], [346, 540]]}, 'differential_privacy': {'epsilon': 3.2764804294158867, 'delta': 1e-05}, 'validation': {'loss': 0.6883242964744568, 'balanced_accuracy': 0.5883055623621661, 'specificity': 0.41037735849056606, 'sensitivity': 0.7662337662337663, 'auc': 0.6577432001960304, 'confusion_matrix': [[174, 250], [36, 118]]}, 'duration_seconds': 102.79406077699969}, {'epoch': 24, 'train': {'loss': 0.7344281519612958, 'balanced_accuracy': 0.5377199392389993, 'specificity': 0.4529372496662216, 'sensitivity': 0.6225026288117771, 'auc': 0.5607750396954088, 'confusion_matrix': [[1357, 1639], [359, 592]]}, 'differential_privacy': {'epsilon': 3.3512921160509737, 'delta': 1e-05}, 'validation': {'loss': 0.6876370191574097, 'balanced_accuracy': 0.5797751776525362, 'specificity': 0.3608490566037736, 'sensitivity': 0.7987012987012987, 'auc': 0.6576819407008085, 'confusion_matrix': [[153, 271], [31, 123]]}, 'duration_seconds': 116.70544355901075}, {'epoch': 25, 'train': {'loss': 0.7423033598930605, 'balanced_accuracy': 0.5263456942210945, 'specificity': 0.42551747539871054, 'sensitivity': 0.6271739130434782, 'auc': 0.5404718874020744, 'confusion_matrix': [[1254, 1693], [343, 577]]}, 'differential_privacy': {'epsilon': 3.4248492588769652, 'delta': 1e-05}, 'validation': {'loss': 0.687971007823944, 'balanced_accuracy': 0.5862686841460426, 'specificity': 0.3608490566037736, 'sensitivity': 0.8116883116883117, 'auc': 0.6559054153393775, 'confusion_matrix': [[153, 271], [29, 125]]}, 'duration_seconds': 114.2171482409758}, {'epoch': 26, 'train': {'loss': 0.7242780366251546, 'balanced_accuracy': 0.5638080039210591, 'specificity': 0.4668230563002681, 'sensitivity': 0.6607929515418502, 'auc': 0.5843773251762705, 'confusion_matrix': [[1393, 1591], [308, 600]]}, 'differential_privacy': {'epsilon': 3.4972248826492436, 'delta': 1e-05}, 'validation': {'loss': 0.6875577330589294, 'balanced_accuracy': 0.5977548395001225, 'specificity': 0.4033018867924528, 'sensitivity': 0.7922077922077922, 'auc': 0.6624754962019112, 'confusion_matrix': [[171, 253], [32, 122]]}, 'duration_seconds': 101.90845844999421}, {'epoch': 27, 'train': {'loss': 0.7447323260768768, 'balanced_accuracy': 0.5237670033513852, 'specificity': 0.4536082474226804, 'sensitivity': 0.59392575928009, 'auc': 0.5357572114260576, 'confusion_matrix': [[1364, 1643], [361, 528]]}, 'differential_privacy': {'epsilon': 3.568485155819192, 'delta': 1e-05}, 'validation': {'loss': 0.6880329728126526, 'balanced_accuracy': 0.6033294535653027, 'specificity': 0.45990566037735847, 'sensitivity': 0.7467532467532467, 'auc': 0.6646808380298946, 'confusion_matrix': [[195, 229], [39, 115]]}, 'duration_seconds': 102.46341634501005}, {'epoch': 28, 'train': {'loss': 0.7319292156927047, 'balanced_accuracy': 0.553957341794465, 'specificity': 0.4838709677419355, 'sensitivity': 0.6240437158469946, 'auc': 0.5684893354486162, 'confusion_matrix': [[1425, 1520], [344, 571]]}, 'differential_privacy': {'epsilon': 3.6386902563929593, 'delta': 1e-05}, 'validation': {'loss': 0.6893603682518006, 'balanced_accuracy': 0.6021348934084783, 'specificity': 0.4834905660377358, 'sensitivity': 0.7207792207792207, 'auc': 0.6626592746875766, 'confusion_matrix': [[205, 219], [43, 111]]}, 'duration_seconds': 112.15959468399524}, {'epoch': 29, 'train': {'loss': 0.7378516947069476, 'balanced_accuracy': 0.537526702089421, 'specificity': 0.4843910806174957, 'sensitivity': 0.5906623235613464, 'auc': 0.5491175040926132, 'confusion_matrix': [[1412, 1503], [377, 544]]}, 'differential_privacy': {'epsilon': 3.7078951192614604, 'delta': 1e-05}, 'validation': {'loss': 0.6901330351829529, 'balanced_accuracy': 0.5971116148002941, 'specificity': 0.49292452830188677, 'sensitivity': 0.7012987012987013, 'auc': 0.6609440088213674, 'confusion_matrix': [[209, 215], [46, 108]]}, 'duration_seconds': 97.72029604000272}, {'epoch': 30, 'train': {'loss': 0.7253336810296581, 'balanced_accuracy': 0.5592242208897772, 'specificity': 0.4940039973351099, 'sensitivity': 0.6244444444444445, 'auc': 0.5859989636538604, 'confusion_matrix': [[1483, 1519], [338, 562]]}, 'differential_privacy': {'epsilon': 3.7761500472156633, 'delta': 1e-05}, 'validation': {'loss': 0.690023946762085, 'balanced_accuracy': 0.5983061749571184, 'specificity': 0.4693396226415094, 'sensitivity': 0.7272727272727273, 'auc': 0.6594278363146289, 'confusion_matrix': [[199, 225], [42, 112]]}, 'duration_seconds': 115.70449835600448}, {'epoch': 31, 'train': {'loss': 0.729504983271322, 'balanced_accuracy': 0.5503069073759228, 'specificity': 0.48130193905817176, 'sensitivity': 0.6193118756936737, 'auc': 0.5726620314147715, 'confusion_matrix': [[1390, 1498], [343, 558]]}, 'differential_privacy': {'epsilon': 3.8435012285588703, 'delta': 1e-05}, 'validation': {'loss': 0.68925039768219, 'balanced_accuracy': 0.5944621416319529, 'specificity': 0.4811320754716981, 'sensitivity': 0.7077922077922078, 'auc': 0.6654006370987503, 'confusion_matrix': [[204, 220], [45, 109]]}, 'duration_seconds': 98.92251867099549}, {'epoch': 32, 'train': {'loss': 0.7327663052466608, 'balanced_accuracy': 0.5495540530351364, 'specificity': 0.4949866310160428, 'sensitivity': 0.60412147505423, 'auc': 0.5674689627872447, 'confusion_matrix': [[1481, 1511], [365, 557]]}, 'differential_privacy': {'epsilon': 3.909991218561947, 'delta': 1e-05}, 'validation': {'loss': 0.6889843940734863, 'balanced_accuracy': 0.601568243077677, 'specificity': 0.44339622641509435, 'sensitivity': 0.7597402597402597, 'auc': 0.661418769909336, 'confusion_matrix': [[188, 236], [37, 117]]}, 'duration_seconds': 113.51727300800849}, {'epoch': 33, 'train': {'loss': 0.7264227944035684, 'balanced_accuracy': 0.5563312684859646, 'specificity': 0.48282828282828283, 'sensitivity': 0.6298342541436464, 'auc': 0.5826074743754301, 'confusion_matrix': [[1434, 1536], [335, 570]]}, 'differential_privacy': {'epsilon': 3.9756593112162, 'delta': 1e-05}, 'validation': {'loss': 0.6885314822196961, 'balanced_accuracy': 0.6098229600588091, 'specificity': 0.45990566037735847, 'sensitivity': 0.7597402597402597, 'auc': 0.6621998284734134, 'confusion_matrix': [[195, 229], [37, 117]]}, 'duration_seconds': 119.01901658400311}, {'epoch': 34, 'train': {'loss': 0.7254991473690156, 'balanced_accuracy': 0.55395130885055, 'specificity': 0.46379781420765026, 'sensitivity': 0.6441048034934498, 'auc': 0.5800764937838548, 'confusion_matrix': [[1358, 1570], [326, 590]]}, 'differential_privacy': {'epsilon': 4.040541895596256, 'delta': 1e-05}, 'validation': {'loss': 0.6875175952911377, 'balanced_accuracy': 0.6130850281793678, 'specificity': 0.4339622641509434, 'sensitivity': 0.7922077922077922, 'auc': 0.6634556481254594, 'confusion_matrix': [[184, 240], [32, 122]]}, 'duration_seconds': 106.3559747649997}, {'epoch': 35, 'train': {'loss': 0.7182093051172072, 'balanced_accuracy': 0.5486349930760258, 'specificity': 0.45075359270942866, 'sensitivity': 0.6465163934426229, 'auc': 0.5814245717766171, 'confusion_matrix': [[1286, 1567], [345, 631]]}, 'differential_privacy': {'epsilon': 4.104672719658694, 'delta': 1e-05}, 'validation': {'loss': 0.6861722111701966, 'balanced_accuracy': 0.6033600833129135, 'specificity': 0.4080188679245283, 'sensitivity': 0.7987012987012987, 'auc': 0.6640376133300663, 'confusion_matrix': [[173, 251], [31, 123]]}, 'duration_seconds': 94.45898800401483}, {'epoch': 36, 'train': {'loss': 0.7251216884582273, 'balanced_accuracy': 0.5645387971621156, 'specificity': 0.4601586754053122, 'sensitivity': 0.668918918918919, 'auc': 0.5923967258047975, 'confusion_matrix': [[1334, 1565], [294, 594]]}, 'differential_privacy': {'epsilon': 4.168083184446153, 'delta': 1e-05}, 'validation': {'loss': 0.6858142733573913, 'balanced_accuracy': 0.6027628032345014, 'specificity': 0.419811320754717, 'sensitivity': 0.7857142857142857, 'auc': 0.6695815976476354, 'confusion_matrix': [[178, 246], [33, 121]]}, 'duration_seconds': 104.67115615101648}, {'epoch': 37, 'train': {'loss': 0.7225929844763971, 'balanced_accuracy': 0.5587696649014506, 'specificity': 0.4634909596662031, 'sensitivity': 0.6540483701366983, 'auc': 0.5804624807500779, 'confusion_matrix': [[1333, 1543], [329, 622]]}, 'differential_privacy': {'epsilon': 4.230802548850019, 'delta': 1e-05}, 'validation': {'loss': 0.6853791356086731, 'balanced_accuracy': 0.5909550355305072, 'specificity': 0.4221698113207547, 'sensitivity': 0.7597402597402597, 'auc': 0.671970717961284, 'confusion_matrix': [[179, 245], [37, 117]]}, 'duration_seconds': 98.43886615600786}, {'epoch': 38, 'train': {'loss': 0.7116846980587128, 'balanced_accuracy': 0.5615023942537909, 'specificity': 0.4622905027932961, 'sensitivity': 0.6607142857142857, 'auc': 0.6042327458217924, 'confusion_matrix': [[1324, 1540], [323, 629]]}, 'differential_privacy': {'epsilon': 4.292858136952556, 'delta': 1e-05}, 'validation': {'loss': 0.685438072681427, 'balanced_accuracy': 0.5891938250428816, 'specificity': 0.4056603773584906, 'sensitivity': 0.7727272727272727, 'auc': 0.66852487135506, 'confusion_matrix': [[172, 252], [35, 119]]}, 'duration_seconds': 99.69681944799959}, {'epoch': 39, 'train': {'loss': 0.721489510228557, 'balanced_accuracy': 0.5551693664877109, 'specificity': 0.46308954203691044, 'sensitivity': 0.6472491909385113, 'auc': 0.5857057692775629, 'confusion_matrix': [[1355, 1571], [327, 600]]}, 'differential_privacy': {'epsilon': 4.354275499677936, 'delta': 1e-05}, 'validation': {'loss': 0.6856853604316712, 'balanced_accuracy': 0.5947990688556727, 'specificity': 0.41037735849056606, 'sensitivity': 0.7792207792207793, 'auc': 0.6700410438617986, 'confusion_matrix': [[174, 250], [34, 120]]}, 'duration_seconds': 111.46956703500473}, {'epoch': 40, 'train': {'loss': 0.7225272636259755, 'balanced_accuracy': 0.5663223723450229, 'specificity': 0.454606365159129, 'sensitivity': 0.6780383795309168, 'auc': 0.5923985599639991, 'confusion_matrix': [[1357, 1628], [302, 636]]}, 'differential_privacy': {'epsilon': 4.415078581177066, 'delta': 1e-05}, 'validation': {'loss': 0.685878849029541, 'balanced_accuracy': 0.5980458221024259, 'specificity': 0.41037735849056606, 'sensitivity': 0.7857142857142857, 'auc': 0.668417667238422, 'confusion_matrix': [[174, 250], [33, 121]]}, 'duration_seconds': 108.58901276401593}, {'epoch': 41, 'train': {'loss': 0.7185997328450603, 'balanced_accuracy': 0.560285330887408, 'specificity': 0.4749748068525361, 'sensitivity': 0.6455958549222798, 'auc': 0.5913668000438596, 'confusion_matrix': [[1414, 1563], [342, 623]]}, 'differential_privacy': {'epsilon': 4.475289872849594, 'delta': 1e-05}, 'validation': {'loss': 0.6866764664649964, 'balanced_accuracy': 0.6039114187699093, 'specificity': 0.4740566037735849, 'sensitivity': 0.7337662337662337, 'auc': 0.6693365596667483, 'confusion_matrix': [[201, 223], [41, 113]]}, 'duration_seconds': 113.62304834398674}, {'epoch': 42, 'train': {'loss': 0.7167923604288409, 'balanced_accuracy': 0.5712338589951537, 'specificity': 0.49797707349966286, 'sensitivity': 0.6444906444906445, 'auc': 0.600450637369046, 'confusion_matrix': [[1477, 1489], [342, 620]]}, 'differential_privacy': {'epsilon': 4.534930498149709, 'delta': 1e-05}, 'validation': {'loss': 0.6876852631568908, 'balanced_accuracy': 0.6218910806174958, 'specificity': 0.5165094339622641, 'sensitivity': 0.7272727272727273, 'auc': 0.668417667238422, 'confusion_matrix': [[219, 205], [42, 112]]}, 'duration_seconds': 112.27418539699283}, {'epoch': 43, 'train': {'loss': 0.7239142214098284, 'balanced_accuracy': 0.55592246501131, 'specificity': 0.48860931655899353, 'sensitivity': 0.6232356134636265, 'auc': 0.5824986958500897, 'confusion_matrix': [[1437, 1504], [347, 574]]}, 'differential_privacy': {'epsilon': 4.594020365619634, 'delta': 1e-05}, 'validation': {'loss': 0.6870502233505249, 'balanced_accuracy': 0.607449154618966, 'specificity': 0.4811320754716981, 'sensitivity': 0.7337662337662337, 'auc': 0.6669014947316834, 'confusion_matrix': [[204, 220], [41, 113]]}, 'duration_seconds': 120.42905499399058}, {'epoch': 44, 'train': {'loss': 0.7184494291582415, 'balanced_accuracy': 0.5754363538102297, 'specificity': 0.5043304463690873, 'sensitivity': 0.6465422612513722, 'auc': 0.6057209573420135, 'confusion_matrix': [[1514, 1488], [322, 589]]}, 'differential_privacy': {'epsilon': 4.652578228331506, 'delta': 1e-05}, 'validation': {'loss': 0.6863925695419312, 'balanced_accuracy': 0.6077401372212693, 'specificity': 0.4882075471698113, 'sensitivity': 0.7272727272727273, 'auc': 0.6691068365596666, 'confusion_matrix': [[207, 217], [42, 112]]}, 'duration_seconds': 101.79407562100096}, {'epoch': 45, 'train': {'loss': 0.7202994631182763, 'balanced_accuracy': 0.5692011634321767, 'specificity': 0.47674819152600756, 'sensitivity': 0.6616541353383458, 'auc': 0.5941103928563104, 'confusion_matrix': [[1384, 1519], [315, 616]]}, 'differential_privacy': {'epsilon': 4.71062181763583, 'delta': 1e-05}, 'validation': {'loss': 0.6865363240242004, 'balanced_accuracy': 0.6133453810340602, 'specificity': 0.49292452830188677, 'sensitivity': 0.7337662337662337, 'auc': 0.6683104631217837, 'confusion_matrix': [[209, 215], [41, 113]]}, 'duration_seconds': 108.64089709697873}, {'epoch': 46, 'train': {'loss': 0.7139237869170404, 'balanced_accuracy': 0.584730503491029, 'specificity': 0.4883799259009768, 'sensitivity': 0.6810810810810811, 'auc': 0.6139888760434399, 'confusion_matrix': [[1450, 1519], [295, 630]]}, 'differential_privacy': {'epsilon': 4.768167866540182, 'delta': 1e-05}, 'validation': {'loss': 0.6850602149963378, 'balanced_accuracy': 0.6056879441313403, 'specificity': 0.46462264150943394, 'sensitivity': 0.7467532467532467, 'auc': 0.6690915216858614, 'confusion_matrix': [[197, 227], [39, 115]]}, 'duration_seconds': 107.4534035359975}, {'epoch': 47, 'train': {'loss': 0.7147338851805656, 'balanced_accuracy': 0.5770890137926286, 'specificity': 0.47710590702551553, 'sensitivity': 0.6770721205597416, 'auc': 0.6022057520517377, 'confusion_matrix': [[1365, 1496], [300, 629]]}, 'differential_privacy': {'epsilon': 4.825232236157504, 'delta': 1e-05}, 'validation': {'loss': 0.6846566796302795, 'balanced_accuracy': 0.6098076451850036, 'specificity': 0.4858490566037736, 'sensitivity': 0.7337662337662337, 'auc': 0.6717716246018133, 'confusion_matrix': [[206, 218], [41, 113]]}, 'duration_seconds': 98.9596459690074}, {'epoch': 48, 'train': {'loss': 0.7094872209333605, 'balanced_accuracy': 0.5819718637056098, 'specificity': 0.4929480564155487, 'sensitivity': 0.670995670995671, 'auc': 0.6149665607869943, 'confusion_matrix': [[1433, 1474], [304, 620]]}, 'differential_privacy': {'epsilon': 4.881829947325491, 'delta': 1e-05}, 'validation': {'loss': 0.6837253093719482, 'balanced_accuracy': 0.6127634158294535, 'specificity': 0.47877358490566035, 'sensitivity': 0.7467532467532467, 'auc': 0.6735634648370498, 'confusion_matrix': [[203, 221], [39, 115]]}, 'duration_seconds': 103.48706415100605}, {'epoch': 49, 'train': {'loss': 0.715336017070278, 'balanced_accuracy': 0.5568254425584923, 'specificity': 0.4623946037099494, 'sensitivity': 0.6512562814070352, 'auc': 0.5958175362478496, 'confusion_matrix': [[1371, 1594], [347, 648]]}, 'differential_privacy': {'epsilon': 4.9379752568456, 'delta': 1e-05}, 'validation': {'loss': 0.6835365414619445, 'balanced_accuracy': 0.6106959078657193, 'specificity': 0.4811320754716981, 'sensitivity': 0.7402597402597403, 'auc': 0.6748039696152904, 'confusion_matrix': [[204, 220], [40, 114]]}, 'duration_seconds': 116.56242911698064}, {'epoch': 50, 'train': {'loss': 0.7122656356903815, 'balanced_accuracy': 0.5726107085659198, 'specificity': 0.488013698630137, 'sensitivity': 0.6572077185017026, 'auc': 0.6145330259823053, 'confusion_matrix': [[1425, 1495], [302, 579]]}, 'differential_privacy': {'epsilon': 4.993681719535633, 'delta': 1e-05}, 'validation': {'loss': 0.6855702638626099, 'balanced_accuracy': 0.6268837294780691, 'specificity': 0.5589622641509434, 'sensitivity': 0.6948051948051948, 'auc': 0.6784182798333741, 'confusion_matrix': [[237, 187], [47, 107]]}, 'duration_seconds': 93.67859215699718}]",50,Adam,false,,,,,,,true,target_epsilon,1.35498046875,5.0,1e-05,200.0,true,flat,hooks,0.6268837294780691,0.6784182798333741,0.6948051948051948,0.5589622641509434,0.6855702638626099,0.6183987961864593,0.6597103232136842,0.7006172839506173,0.5361803084223014,0.6744910836219787,0.6183987961864593,0.6597103232136842,0.7006172839506173,0.5361803084223014,0.6744910836219787,4.993681719535633,00:01:47,01:28:54
centralized_runs/archive/2026-05-24/fullbackbone_dp_targeteps5_clip_lr_sweep_20260524_113839/adam_fullbackbone_dp_targeteps5_clip200_lrlow_b128_e50_seed42_20260524_113839,adam_fullbackbone_dp_targeteps5_clip200_lrlow_b128_e50_seed42_20260524_113839,completed,PersistentDataset cache reused from shadow_runs/cache/convnext_256_ras_scale_v1,,,,,"[{'epoch': 1, 'train': {'loss': 0.7660499195898732, 'balanced_accuracy': 0.5013906238951611, 'specificity': 0.4730006835269993, 'sensitivity': 0.5297805642633229, 'auc': 0.4934593537134372, 'confusion_matrix': [[1384, 1542], [450, 507]]}, 'differential_privacy': {'epsilon': 0.7697666306172894, 'delta': 1e-05}, 'validation': {'loss': 0.7176698446273804, 'balanced_accuracy': 0.5236921097770154, 'specificity': 0.36556603773584906, 'sensitivity': 0.6818181818181818, 'auc': 0.5019909335947071, 'confusion_matrix': [[155, 269], [49, 105]]}, 'duration_seconds': 97.96551289097988}, {'epoch': 2, 'train': {'loss': 0.7717525862878368, 'balanced_accuracy': 0.48651518591303483, 'specificity': 0.45281760586862285, 'sensitivity': 0.5202127659574468, 'auc': 0.480851418557959, 'confusion_matrix': [[1358, 1641], [451, 489]]}, 'differential_privacy': {'epsilon': 1.012341265936871, 'delta': 1e-05}, 'validation': {'loss': 0.716503918170929, 'balanced_accuracy': 0.5251929674099486, 'specificity': 0.3231132075471698, 'sensitivity': 0.7272727272727273, 'auc': 0.5036143102180838, 'confusion_matrix': [[137, 287], [42, 112]]}, 'duration_seconds': 124.77746624799329}, {'epoch': 3, 'train': {'loss': 0.7660045181551287, 'balanced_accuracy': 0.5008005199416651, 'specificity': 0.4420772303595206, 'sensitivity': 0.5595238095238095, 'auc': 0.4996566626892858, 'confusion_matrix': [[1328, 1676], [407, 517]]}, 'differential_privacy': {'epsilon': 1.2059361016394932, 'delta': 1e-05}, 'validation': {'loss': 0.716211462020874, 'balanced_accuracy': 0.5207669688801764, 'specificity': 0.32075471698113206, 'sensitivity': 0.7207792207792207, 'auc': 0.5044872580249938, 'confusion_matrix': [[136, 288], [43, 111]]}, 'duration_seconds': 102.6171886800148}, {'epoch': 4, 'train': {'loss': 0.7682105456629107, 'balanced_accuracy': 0.49193936325623333, 'specificity': 0.4499184339314845, 'sensitivity': 0.5339602925809822, 'auc': 0.489505165851006, 'confusion_matrix': [[1379, 1686], [446, 511]]}, 'differential_privacy': {'epsilon': 1.3732476713160413, 'delta': 1e-05}, 'validation': {'loss': 0.7157114267349243, 'balanced_accuracy': 0.5249019848076452, 'specificity': 0.3160377358490566, 'sensitivity': 0.7337662337662337, 'auc': 0.5069070080862533, 'confusion_matrix': [[134, 290], [41, 113]]}, 'duration_seconds': 118.99514540398377}, {'epoch': 5, 'train': {'loss': 0.7588754853894634, 'balanced_accuracy': 0.5085038308255747, 'specificity': 0.4377785395954748, 'sensitivity': 0.5792291220556746, 'auc': 0.5068244265507008, 'confusion_matrix': [[1277, 1640], [393, 541]]}, 'differential_privacy': {'epsilon': 1.523362882849453, 'delta': 1e-05}, 'validation': {'loss': 0.7150264978408813, 'balanced_accuracy': 0.5222525116393041, 'specificity': 0.30424528301886794, 'sensitivity': 0.7402597402597403, 'auc': 0.5095258515069836, 'confusion_matrix': [[129, 295], [40, 114]]}, 'duration_seconds': 98.26285229201312}, {'epoch': 6, 'train': {'loss': 0.7657923063924236, 'balanced_accuracy': 0.5062925562740543, 'specificity': 0.43769524470669907, 'sensitivity': 0.5748898678414097, 'auc': 0.4966295201586576, 'confusion_matrix': [[1261, 1620], [386, 522]]}, 'differential_privacy': {'epsilon': 1.661063561892472, 'delta': 1e-05}, 'validation': {'loss': 0.7144607424736023, 'balanced_accuracy': 0.5198940210732663, 'specificity': 0.29952830188679247, 'sensitivity': 0.7402597402597403, 'auc': 0.5111492281303602, 'confusion_matrix': [[127, 297], [40, 114]]}, 'duration_seconds': 96.46927919599693}, {'epoch': 7, 'train': {'loss': 0.7652520671967538, 'balanced_accuracy': 0.49525441410172666, 'specificity': 0.43577981651376146, 'sensitivity': 0.5547290116896918, 'auc': 0.4873031062766753, 'confusion_matrix': [[1235, 1599], [419, 522]]}, 'differential_privacy': {'epsilon': 1.7892451578624213, 'delta': 1e-05}, 'validation': {'loss': 0.7139685273170471, 'balanced_accuracy': 0.5175355305072287, 'specificity': 0.294811320754717, 'sensitivity': 0.7402597402597403, 'auc': 0.512741975006126, 'confusion_matrix': [[125, 299], [40, 114]]}, 'duration_seconds': 97.10027861499111}, {'epoch': 8, 'train': {'loss': 0.7661874890327454, 'balanced_accuracy': 0.49344061712788245, 'specificity': 0.4376920450665756, 'sensitivity': 0.5491891891891892, 'auc': 0.4813752502929697, 'confusion_matrix': [[1282, 1647], [417, 508]]}, 'differential_privacy': {'epsilon': 1.9098214051048794, 'delta': 1e-05}, 'validation': {'loss': 0.7135244846343994, 'balanced_accuracy': 0.5163562852242097, 'specificity': 0.29245283018867924, 'sensitivity': 0.7402597402597403, 'auc': 0.5152995589316344, 'confusion_matrix': [[124, 300], [40, 114]]}, 'duration_seconds': 95.90960221897694}, {'epoch': 9, 'train': {'loss': 0.767964864930799, 'balanced_accuracy': 0.4946789962070748, 'specificity': 0.41989881956155145, 'sensitivity': 0.5694591728525981, 'auc': 0.4870108852125987, 'confusion_matrix': [[1245, 1720], [406, 537]]}, 'differential_privacy': {'epsilon': 2.0241367145620113, 'delta': 1e-05}, 'validation': {'loss': 0.7134940147399902, 'balanced_accuracy': 0.5148860573388875, 'specificity': 0.2830188679245283, 'sensitivity': 0.7467532467532467, 'auc': 0.5137680715510905, 'confusion_matrix': [[120, 304], [39, 115]]}, 'duration_seconds': 104.75305627600756}, {'epoch': 10, 'train': {'loss': 0.764935024323002, 'balanced_accuracy': 0.4973445519929939, 'specificity': 0.42179616548940463, 'sensitivity': 0.5728929384965832, 'auc': 0.49965214646319533, 'confusion_matrix': [[1254, 1719], [375, 503]]}, 'differential_privacy': {'epsilon': 2.13317892958498, 'delta': 1e-05}, 'validation': {'loss': 0.7133273601531982, 'balanced_accuracy': 0.521379563832394, 'specificity': 0.2830188679245283, 'sensitivity': 0.7597402597402597, 'auc': 0.5148401127174712, 'confusion_matrix': [[120, 304], [37, 117]]}, 'duration_seconds': 109.59620768300374}, {'epoch': 11, 'train': {'loss': 0.7668363663458055, 'balanced_accuracy': 0.49169897315308275, 'specificity': 0.41120543293718165, 'sensitivity': 0.5721925133689839, 'auc': 0.4809020999972763, 'confusion_matrix': [[1211, 1734], [400, 535]]}, 'differential_privacy': {'epsilon': 2.2376994037108973, 'delta': 1e-05}, 'validation': {'loss': 0.7132840752601624, 'balanced_accuracy': 0.5222678265131095, 'specificity': 0.2783018867924528, 'sensitivity': 0.7662337662337663, 'auc': 0.5154373927958833, 'confusion_matrix': [[118, 306], [36, 118]]}, 'duration_seconds': 108.62429801002145}, {'epoch': 12, 'train': {'loss': 0.7753993599645553, 'balanced_accuracy': 0.4658796963057764, 'specificity': 0.4114073574080324, 'sensitivity': 0.5203520352035204, 'auc': 0.469302178277227, 'confusion_matrix': [[1219, 1744], [436, 473]]}, 'differential_privacy': {'epsilon': 2.3382855964476046, 'delta': 1e-05}, 'validation': {'loss': 0.7130728125572204, 'balanced_accuracy': 0.5184237931879441, 'specificity': 0.29009433962264153, 'sensitivity': 0.7467532467532467, 'auc': 0.5171067140406762, 'confusion_matrix': [[123, 301], [39, 115]]}, 'duration_seconds': 100.69269163699937}, {'epoch': 13, 'train': {'loss': 0.7640194546791815, 'balanced_accuracy': 0.49028868017608485, 'specificity': 0.43140608963393773, 'sensitivity': 0.549171270718232, 'auc': 0.4881065203954917, 'confusion_matrix': [[1261, 1662], [408, 497]]}, 'differential_privacy': {'epsilon': 2.4354071884219053, 'delta': 1e-05}, 'validation': {'loss': 0.7130465984344483, 'balanced_accuracy': 0.5163562852242097, 'specificity': 0.29245283018867924, 'sensitivity': 0.7402597402597403, 'auc': 0.5171986032835089, 'confusion_matrix': [[124, 300], [40, 114]]}, 'duration_seconds': 96.8409839689848}, {'epoch': 14, 'train': {'loss': 0.7738197811188237, 'balanced_accuracy': 0.47685854248612103, 'specificity': 0.4223217361350327, 'sensitivity': 0.5313953488372093, 'auc': 0.4730120805261598, 'confusion_matrix': [[1226, 1677], [403, 457]]}, 'differential_privacy': {'epsilon': 2.529446870586119, 'delta': 1e-05}, 'validation': {'loss': 0.7125195980072021, 'balanced_accuracy': 0.5190210732663563, 'specificity': 0.2783018867924528, 'sensitivity': 0.7597402597402597, 'auc': 0.5172445479049254, 'confusion_matrix': [[118, 306], [37, 117]]}, 'duration_seconds': 97.57859059399925}, {'epoch': 15, 'train': {'loss': 0.759253325000886, 'balanced_accuracy': 0.5030251093204685, 'specificity': 0.3979875086745316, 'sensitivity': 0.6080627099664053, 'auc': 0.5035343130664672, 'confusion_matrix': [[1147, 1735], [350, 543]]}, 'differential_privacy': {'epsilon': 2.6207213090214534, 'delta': 1e-05}, 'validation': {'loss': 0.712081515789032, 'balanced_accuracy': 0.5178418279833374, 'specificity': 0.2759433962264151, 'sensitivity': 0.7597402597402597, 'auc': 0.5198174467042391, 'confusion_matrix': [[117, 307], [37, 117]]}, 'duration_seconds': 101.97384622800746}, {'epoch': 16, 'train': {'loss': 0.7592343861056913, 'balanced_accuracy': 0.5029934680288319, 'specificity': 0.42368240930869266, 'sensitivity': 0.5823045267489712, 'auc': 0.5001387234066526, 'confusion_matrix': [[1238, 1684], [406, 566]]}, 'differential_privacy': {'epsilon': 2.709496156376761, 'delta': 1e-05}, 'validation': {'loss': 0.711884367465973, 'balanced_accuracy': 0.5199093359470718, 'specificity': 0.27358490566037735, 'sensitivity': 0.7662337662337663, 'auc': 0.5201696888017643, 'confusion_matrix': [[116, 308], [36, 118]]}, 'duration_seconds': 114.55758886798867}, {'epoch': 17, 'train': {'loss': 0.7643227346481816, 'balanced_accuracy': 0.48767590581878495, 'specificity': 0.40239043824701193, 'sensitivity': 0.572961373390558, 'auc': 0.4861665640727505, 'confusion_matrix': [[1212, 1800], [398, 534]]}, 'differential_privacy': {'epsilon': 2.795996859264169, 'delta': 1e-05}, 'validation': {'loss': 0.7119292378425598, 'balanced_accuracy': 0.5255145797598628, 'specificity': 0.2783018867924528, 'sensitivity': 0.7727272727272727, 'auc': 0.5207210242587601, 'confusion_matrix': [[118, 306], [35, 119]]}, 'duration_seconds': 111.87002681999002}, {'epoch': 18, 'train': {'loss': 0.7668529825825845, 'balanced_accuracy': 0.4907439098796113, 'specificity': 0.412751677852349, 'sensitivity': 0.5687361419068736, 'auc': 0.49018865608119166, 'confusion_matrix': [[1230, 1750], [389, 513]]}, 'differential_privacy': {'epsilon': 2.880416724663862, 'delta': 1e-05}, 'validation': {'loss': 0.7113927960395813, 'balanced_accuracy': 0.5219768439108061, 'specificity': 0.27122641509433965, 'sensitivity': 0.7727272727272727, 'auc': 0.5228651065915217, 'confusion_matrix': [[115, 309], [35, 119]]}, 'duration_seconds': 109.52070211200044}, {'epoch': 19, 'train': {'loss': 0.7581681762972186, 'balanced_accuracy': 0.49858122541522537, 'specificity': 0.41023000343288707, 'sensitivity': 0.5869324473975637, 'auc': 0.5015048818847349, 'confusion_matrix': [[1195, 1718], [373, 530]]}, 'differential_privacy': {'epsilon': 2.962923007179877, 'delta': 1e-05}, 'validation': {'loss': 0.710931658744812, 'balanced_accuracy': 0.5243353344768439, 'specificity': 0.2759433962264151, 'sensitivity': 0.7727272727272727, 'auc': 0.5268316589071306, 'confusion_matrix': [[117, 307], [35, 119]]}, 'duration_seconds': 98.12018039901159}, {'epoch': 20, 'train': {'loss': 0.7606109399949351, 'balanced_accuracy': 0.49140844637109593, 'specificity': 0.4233455271034253, 'sensitivity': 0.5594713656387665, 'auc': 0.49490579250471367, 'confusion_matrix': [[1273, 1734], [400, 508]]}, 'differential_privacy': {'epsilon': 3.0436615820265773, 'delta': 1e-05}, 'validation': {'loss': 0.7104013562202454, 'balanced_accuracy': 0.5320080862533693, 'specificity': 0.2783018867924528, 'sensitivity': 0.7857142857142857, 'auc': 0.5305991178632687, 'confusion_matrix': [[118, 306], [33, 121]]}, 'duration_seconds': 111.9586014560191}, {'epoch': 21, 'train': {'loss': 0.7564705071910736, 'balanced_accuracy': 0.5162121650503091, 'specificity': 0.4352783366867874, 'sensitivity': 0.5971459934138309, 'auc': 0.5082301345578042, 'confusion_matrix': [[1298, 1684], [367, 544]]}, 'differential_privacy': {'epsilon': 3.122760578973055, 'delta': 1e-05}, 'validation': {'loss': 0.7103681206703186, 'balanced_accuracy': 0.5269848076451851, 'specificity': 0.28773584905660377, 'sensitivity': 0.7662337662337663, 'auc': 0.532942293555501, 'confusion_matrix': [[122, 302], [36, 118]]}, 'duration_seconds': 111.44421034600236}, {'epoch': 22, 'train': {'loss': 0.754619344588249, 'balanced_accuracy': 0.5116185125975283, 'specificity': 0.42367706919945725, 'sensitivity': 0.5995599559955995, 'auc': 0.5186944067541083, 'confusion_matrix': [[1249, 1699], [364, 545]]}, 'differential_privacy': {'epsilon': 3.2003332744081234, 'delta': 1e-05}, 'validation': {'loss': 0.7103534698486328, 'balanced_accuracy': 0.5281640529282039, 'specificity': 0.29009433962264153, 'sensitivity': 0.7662337662337663, 'auc': 0.5341062239647145, 'confusion_matrix': [[123, 301], [36, 118]]}, 'duration_seconds': 117.80251740000676}, {'epoch': 23, 'train': {'loss': 0.7643764749650033, 'balanced_accuracy': 0.4878997877613112, 'specificity': 0.41372282608695654, 'sensitivity': 0.5620767494356659, 'auc': 0.48589548164687413, 'confusion_matrix': [[1218, 1726], [388, 498]]}, 'differential_privacy': {'epsilon': 3.2764804294158867, 'delta': 1e-05}, 'validation': {'loss': 0.7101684212684631, 'balanced_accuracy': 0.5337692967409948, 'specificity': 0.294811320754717, 'sensitivity': 0.7727272727272727, 'auc': 0.5355305072286204, 'confusion_matrix': [[125, 299], [35, 119]]}, 'duration_seconds': 102.34624708199408}, {'epoch': 24, 'train': {'loss': 0.7593225625253492, 'balanced_accuracy': 0.5058416479596349, 'specificity': 0.43124165554072097, 'sensitivity': 0.580441640378549, 'auc': 0.5037891391115248, 'confusion_matrix': [[1292, 1704], [399, 552]]}, 'differential_privacy': {'epsilon': 3.3512921160509737, 'delta': 1e-05}, 'validation': {'loss': 0.7095915794372558, 'balanced_accuracy': 0.5387925753491791, 'specificity': 0.28537735849056606, 'sensitivity': 0.7922077922077922, 'auc': 0.5372304582210243, 'confusion_matrix': [[121, 303], [32, 122]]}, 'duration_seconds': 116.34186529900762}, {'epoch': 25, 'train': {'loss': 0.7669710017019703, 'balanced_accuracy': 0.48239292722149274, 'specificity': 0.42348150661689854, 'sensitivity': 0.5413043478260869, 'auc': 0.4814298992342987, 'confusion_matrix': [[1248, 1699], [422, 498]]}, 'differential_privacy': {'epsilon': 3.4248492588769652, 'delta': 1e-05}, 'validation': {'loss': 0.7093010544776917, 'balanced_accuracy': 0.5305378583680471, 'specificity': 0.2688679245283019, 'sensitivity': 0.7922077922077922, 'auc': 0.5374908110757167, 'confusion_matrix': [[114, 310], [32, 122]]}, 'duration_seconds': 113.81952662699041}, {'epoch': 26, 'train': {'loss': 0.7475381589704945, 'balanced_accuracy': 0.5120488419884022, 'specificity': 0.4359919571045576, 'sensitivity': 0.5881057268722467, 'auc': 0.5251259285942058, 'confusion_matrix': [[1301, 1683], [374, 534]]}, 'differential_privacy': {'epsilon': 3.4972248826492436, 'delta': 1e-05}, 'validation': {'loss': 0.7089759230613708, 'balanced_accuracy': 0.5320080862533693, 'specificity': 0.2783018867924528, 'sensitivity': 0.7857142857142857, 'auc': 0.5398646165155598, 'confusion_matrix': [[118, 306], [33, 121]]}, 'duration_seconds': 101.8228815140028}, {'epoch': 27, 'train': {'loss': 0.7698705561699406, 'balanced_accuracy': 0.4849354131697954, 'specificity': 0.4186897239773861, 'sensitivity': 0.5511811023622047, 'auc': 0.47742294600936774, 'confusion_matrix': [[1259, 1748], [399, 490]]}, 'differential_privacy': {'epsilon': 3.568485155819192, 'delta': 1e-05}, 'validation': {'loss': 0.7087543368339538, 'balanced_accuracy': 0.5337692967409948, 'specificity': 0.294811320754717, 'sensitivity': 0.7727272727272727, 'auc': 0.5429122764028425, 'confusion_matrix': [[125, 299], [35, 119]]}, 'duration_seconds': 102.29506118100835}, {'epoch': 28, 'train': {'loss': 0.7585106107496447, 'balanced_accuracy': 0.5007329269763515, 'specificity': 0.4298811544991511, 'sensitivity': 0.571584699453552, 'auc': 0.5036904264892798, 'confusion_matrix': [[1266, 1679], [392, 523]]}, 'differential_privacy': {'epsilon': 3.6386902563929593, 'delta': 1e-05}, 'validation': {'loss': 0.7087420582771301, 'balanced_accuracy': 0.5311045086988484, 'specificity': 0.3089622641509434, 'sensitivity': 0.7532467532467533, 'auc': 0.5449185248713551, 'confusion_matrix': [[131, 293], [38, 116]]}, 'duration_seconds': 111.8978676009865}, {'epoch': 29, 'train': {'loss': 0.763337787120573, 'balanced_accuracy': 0.48767913912649946, 'specificity': 0.4216123499142367, 'sensitivity': 0.5537459283387622, 'auc': 0.48534499937609765, 'confusion_matrix': [[1229, 1686], [411, 510]]}, 'differential_privacy': {'epsilon': 3.7078951192614604, 'delta': 1e-05}, 'validation': {'loss': 0.7083796858787537, 'balanced_accuracy': 0.533462999264886, 'specificity': 0.3136792452830189, 'sensitivity': 0.7532467532467533, 'auc': 0.5480580740014702, 'confusion_matrix': [[133, 291], [38, 116]]}, 'duration_seconds': 97.54245996600366}, {'epoch': 30, 'train': {'loss': 0.7532207312122468, 'balanced_accuracy': 0.5198523206751055, 'specificity': 0.4430379746835443, 'sensitivity': 0.5966666666666667, 'auc': 0.517466688874084, 'confusion_matrix': [[1330, 1672], [363, 537]]}, 'differential_privacy': {'epsilon': 3.7761500472156633, 'delta': 1e-05}, 'validation': {'loss': 0.7079465866088868, 'balanced_accuracy': 0.5278577554520951, 'specificity': 0.3089622641509434, 'sensitivity': 0.7467532467532467, 'auc': 0.5504931389365352, 'confusion_matrix': [[131, 293], [39, 115]]}, 'duration_seconds': 115.27653750198078}, {'epoch': 31, 'train': {'loss': 0.760063063713812, 'balanced_accuracy': 0.4956536827347884, 'specificity': 0.4297091412742382, 'sensitivity': 0.5615982241953386, 'auc': 0.49559795825506286, 'confusion_matrix': [[1241, 1647], [395, 506]]}, 'differential_privacy': {'epsilon': 3.8435012285588703, 'delta': 1e-05}, 'validation': {'loss': 0.7076492071151733, 'balanced_accuracy': 0.5337539818671894, 'specificity': 0.32075471698113206, 'sensitivity': 0.7467532467532467, 'auc': 0.553724577309483, 'confusion_matrix': [[136, 288], [39, 115]]}, 'duration_seconds': 98.79036663999432}, {'epoch': 32, 'train': {'loss': 0.7605762443234844, 'balanced_accuracy': 0.4943199943160068, 'specificity': 0.4354946524064171, 'sensitivity': 0.5531453362255966, 'auc': 0.49851520178175784, 'confusion_matrix': [[1303, 1689], [412, 510]]}, 'differential_privacy': {'epsilon': 3.909991218561947, 'delta': 1e-05}, 'validation': {'loss': 0.706987738609314, 'balanced_accuracy': 0.533462999264886, 'specificity': 0.3136792452830189, 'sensitivity': 0.7532467532467533, 'auc': 0.5566803479539328, 'confusion_matrix': [[133, 291], [38, 116]]}, 'duration_seconds': 113.21928250600467}, {'epoch': 33, 'train': {'loss': 0.7558742319383929, 'balanced_accuracy': 0.5051332849675392, 'specificity': 0.42794612794612796, 'sensitivity': 0.5823204419889503, 'auc': 0.5097989099094071, 'confusion_matrix': [[1271, 1699], [378, 527]]}, 'differential_privacy': {'epsilon': 3.9756593112162, 'delta': 1e-05}, 'validation': {'loss': 0.7062986016273498, 'balanced_accuracy': 0.5349332271502083, 'specificity': 0.3231132075471698, 'sensitivity': 0.7467532467532467, 'auc': 0.5623315363881402, 'confusion_matrix': [[137, 287], [39, 115]]}, 'duration_seconds': 118.16270620000432}, {'epoch': 34, 'train': {'loss': 0.751014276858299, 'balanced_accuracy': 0.5158580308778963, 'specificity': 0.42691256830601093, 'sensitivity': 0.6048034934497817, 'auc': 0.5163740544539099, 'confusion_matrix': [[1250, 1678], [362, 554]]}, 'differential_privacy': {'epsilon': 4.040541895596256, 'delta': 1e-05}, 'validation': {'loss': 0.7060051798820496, 'balanced_accuracy': 0.5367097525116393, 'specificity': 0.3136792452830189, 'sensitivity': 0.7597402597402597, 'auc': 0.5631891693212449, 'confusion_matrix': [[133, 291], [37, 117]]}, 'duration_seconds': 105.23514655898907}, {'epoch': 35, 'train': {'loss': 0.7558914922898815, 'balanced_accuracy': 0.4823876793481696, 'specificity': 0.411496670171749, 'sensitivity': 0.5532786885245902, 'auc': 0.49468240218809073, 'confusion_matrix': [[1174, 1679], [436, 540]]}, 'differential_privacy': {'epsilon': 4.104672719658694, 'delta': 1e-05}, 'validation': {'loss': 0.7049097299575806, 'balanced_accuracy': 0.5458680470472923, 'specificity': 0.29952830188679247, 'sensitivity': 0.7922077922077922, 'auc': 0.5671557216368537, 'confusion_matrix': [[127, 297], [32, 122]]}, 'duration_seconds': 94.46703702301602}, {'epoch': 36, 'train': {'loss': 0.7566517706840269, 'balanced_accuracy': 0.5127164073352415, 'specificity': 0.43083822007588823, 'sensitivity': 0.5945945945945946, 'auc': 0.5134892351820602, 'confusion_matrix': [[1249, 1650], [360, 528]]}, 'differential_privacy': {'epsilon': 4.168083184446153, 'delta': 1e-05}, 'validation': {'loss': 0.7031853795051575, 'balanced_accuracy': 0.5511669933839746, 'specificity': 0.3231132075471698, 'sensitivity': 0.7792207792207793, 'auc': 0.5786725067385445, 'confusion_matrix': [[137, 287], [34, 120]]}, 'duration_seconds': 104.31327078602044}, {'epoch': 37, 'train': {'loss': 0.7604215529657179, 'balanced_accuracy': 0.48132410214560767, 'specificity': 0.41585535465924894, 'sensitivity': 0.5467928496319664, 'auc': 0.48485051238064314, 'confusion_matrix': [[1196, 1680], [431, 520]]}, 'differential_privacy': {'epsilon': 4.230802548850019, 'delta': 1e-05}, 'validation': {'loss': 0.7024330854415893, 'balanced_accuracy': 0.5493904680225435, 'specificity': 0.33254716981132076, 'sensitivity': 0.7662337662337663, 'auc': 0.5839714530752267, 'confusion_matrix': [[141, 283], [36, 118]]}, 'duration_seconds': 98.57177222098107}, {'epoch': 38, 'train': {'loss': 0.7421857349334224, 'balanced_accuracy': 0.5135674381484437, 'specificity': 0.4378491620111732, 'sensitivity': 0.5892857142857143, 'auc': 0.5308867174663161, 'confusion_matrix': [[1254, 1610], [391, 561]]}, 'differential_privacy': {'epsilon': 4.292858136952556, 'delta': 1e-05}, 'validation': {'loss': 0.7022264480590821, 'balanced_accuracy': 0.5493904680225435, 'specificity': 0.33254716981132076, 'sensitivity': 0.7662337662337663, 'auc': 0.5847678265131094, 'confusion_matrix': [[141, 283], [36, 118]]}, 'duration_seconds': 99.76569588901475}, {'epoch': 39, 'train': {'loss': 0.7525737574023585, 'balanced_accuracy': 0.510322031911199, 'specificity': 0.4316473000683527, 'sensitivity': 0.5889967637540453, 'auc': 0.5125265355209147, 'confusion_matrix': [[1263, 1663], [381, 546]]}, 'differential_privacy': {'epsilon': 4.354275499677936, 'delta': 1e-05}, 'validation': {'loss': 0.7015703439712524, 'balanced_accuracy': 0.554107449154619, 'specificity': 0.3419811320754717, 'sensitivity': 0.7662337662337663, 'auc': 0.5891172506738545, 'confusion_matrix': [[145, 279], [36, 118]]}, 'duration_seconds': 111.13017537398264}, {'epoch': 40, 'train': {'loss': 0.7494922030356622, 'balanced_accuracy': 0.5201460393652699, 'specificity': 0.44221105527638194, 'sensitivity': 0.5980810234541578, 'auc': 0.5205887290039394, 'confusion_matrix': [[1320, 1665], [377, 561]]}, 'differential_privacy': {'epsilon': 4.415078581177066, 'delta': 1e-05}, 'validation': {'loss': 0.7004633545875549, 'balanced_accuracy': 0.5644296740994854, 'specificity': 0.3561320754716981, 'sensitivity': 0.7727272727272727, 'auc': 0.5960472310708159, 'confusion_matrix': [[151, 273], [35, 119]]}, 'duration_seconds': 108.33571304898942}, {'epoch': 41, 'train': {'loss': 0.7488093280023144, 'balanced_accuracy': 0.5060414821054684, 'specificity': 0.4514612025529056, 'sensitivity': 0.5606217616580311, 'auc': 0.5162111594765395, 'confusion_matrix': [[1344, 1633], [424, 541]]}, 'differential_privacy': {'epsilon': 4.475289872849594, 'delta': 1e-05}, 'validation': {'loss': 0.6997497797012329, 'balanced_accuracy': 0.5614739034550356, 'specificity': 0.3632075471698113, 'sensitivity': 0.7597402597402597, 'auc': 0.6009862778730704, 'confusion_matrix': [[154, 270], [37, 117]]}, 'duration_seconds': 113.67839230698883}, {'epoch': 42, 'train': {'loss': 0.7462967461155307, 'balanced_accuracy': 0.5167287470052137, 'specificity': 0.44302090357383683, 'sensitivity': 0.5904365904365905, 'auc': 0.5204605767653644, 'confusion_matrix': [[1314, 1652], [394, 568]]}, 'differential_privacy': {'epsilon': 4.534930498149709, 'delta': 1e-05}, 'validation': {'loss': 0.6989819288253785, 'balanced_accuracy': 0.5703259005145798, 'specificity': 0.36792452830188677, 'sensitivity': 0.7727272727272727, 'auc': 0.6062545944621416, 'confusion_matrix': [[156, 268], [35, 119]]}, 'duration_seconds': 111.71568849100731}, {'epoch': 43, 'train': {'loss': 0.746632206824518, 'balanced_accuracy': 0.5117598695443986, 'specificity': 0.4382862971778307, 'sensitivity': 0.5852334419109664, 'auc': 0.5233537899353222, 'confusion_matrix': [[1289, 1652], [382, 539]]}, 'differential_privacy': {'epsilon': 4.594020365619634, 'delta': 1e-05}, 'validation': {'loss': 0.6985007643699646, 'balanced_accuracy': 0.5715051457975986, 'specificity': 0.37028301886792453, 'sensitivity': 0.7727272727272727, 'auc': 0.6083374172996815, 'confusion_matrix': [[157, 267], [35, 119]]}, 'duration_seconds': 119.67185819998849}, {'epoch': 44, 'train': {'loss': 0.7454777359962463, 'balanced_accuracy': 0.5234722771719695, 'specificity': 0.44870086608927384, 'sensitivity': 0.5982436882546652, 'auc': 0.5343484877626405, 'confusion_matrix': [[1347, 1655], [366, 545]]}, 'differential_privacy': {'epsilon': 4.652578228331506, 'delta': 1e-05}, 'validation': {'loss': 0.69764564037323, 'balanced_accuracy': 0.5729753736829208, 'specificity': 0.37971698113207547, 'sensitivity': 0.7662337662337663, 'auc': 0.6134219554030873, 'confusion_matrix': [[161, 263], [36, 118]]}, 'duration_seconds': 101.72309630399104}, {'epoch': 45, 'train': {'loss': 0.7465162008039413, 'balanced_accuracy': 0.525945233143387, 'specificity': 0.4460902514640028, 'sensitivity': 0.6058002148227712, 'auc': 0.5239622110243376, 'confusion_matrix': [[1295, 1608], [367, 564]]}, 'differential_privacy': {'epsilon': 4.71062181763583, 'delta': 1e-05}, 'validation': {'loss': 0.6969188690185547, 'balanced_accuracy': 0.5706168831168832, 'specificity': 0.375, 'sensitivity': 0.7662337662337663, 'auc': 0.6181236216613575, 'confusion_matrix': [[159, 265], [36, 118]]}, 'duration_seconds': 108.42392758300412}, {'epoch': 46, 'train': {'loss': 0.7376607214250872, 'balanced_accuracy': 0.5379563598627256, 'specificity': 0.45537217918491074, 'sensitivity': 0.6205405405405405, 'auc': 0.5516040526885929, 'confusion_matrix': [[1352, 1617], [351, 574]]}, 'differential_privacy': {'epsilon': 4.768167866540182, 'delta': 1e-05}, 'validation': {'loss': 0.6968039751052857, 'balanced_accuracy': 0.5726843910806174, 'specificity': 0.37264150943396224, 'sensitivity': 0.7727272727272727, 'auc': 0.6175722862043617, 'confusion_matrix': [[158, 266], [35, 119]]}, 'duration_seconds': 107.20206582802348}, {'epoch': 47, 'train': {'loss': 0.7468050833671324, 'balanced_accuracy': 0.5259634692304248, 'specificity': 0.43621111499475707, 'sensitivity': 0.6157158234660925, 'auc': 0.5217491907990951, 'confusion_matrix': [[1248, 1613], [357, 572]]}, 'differential_privacy': {'epsilon': 4.825232236157504, 'delta': 1e-05}, 'validation': {'loss': 0.6966428518295288, 'balanced_accuracy': 0.5750428816466553, 'specificity': 0.37735849056603776, 'sensitivity': 0.7727272727272727, 'auc': 0.6186443273707425, 'confusion_matrix': [[160, 264], [35, 119]]}, 'duration_seconds': 98.97216795300483}, {'epoch': 48, 'train': {'loss': 0.7484686163163954, 'balanced_accuracy': 0.5111793521236245, 'specificity': 0.4520123839009288, 'sensitivity': 0.5703463203463204, 'auc': 0.5230332962531106, 'confusion_matrix': [[1314, 1593], [397, 527]]}, 'differential_privacy': {'epsilon': 4.881829947325491, 'delta': 1e-05}, 'validation': {'loss': 0.696498966217041, 'balanced_accuracy': 0.5747518990443519, 'specificity': 0.37028301886792453, 'sensitivity': 0.7792207792207793, 'auc': 0.6185677530017153, 'confusion_matrix': [[157, 267], [34, 120]]}, 'duration_seconds': 103.3460944799881}, {'epoch': 49, 'train': {'loss': 0.7403856785066666, 'balanced_accuracy': 0.5205360698941588, 'specificity': 0.4300168634064081, 'sensitivity': 0.6110552763819096, 'auc': 0.5348587795639241, 'confusion_matrix': [[1275, 1690], [387, 608]]}, 'differential_privacy': {'epsilon': 4.9379752568456, 'delta': 1e-05}, 'validation': {'loss': 0.6963099718093873, 'balanced_accuracy': 0.5712141631952953, 'specificity': 0.3632075471698113, 'sensitivity': 0.7792207792207793, 'auc': 0.6188740504778241, 'confusion_matrix': [[154, 270], [34, 120]]}, 'duration_seconds': 115.96376031998079}, {'epoch': 50, 'train': {'loss': 0.7434155248826549, 'balanced_accuracy': 0.5279084321987778, 'specificity': 0.4349315068493151, 'sensitivity': 0.6208853575482406, 'auc': 0.5387404179559343, 'confusion_matrix': [[1270, 1650], [334, 547]]}, 'differential_privacy': {'epsilon': 4.993681719535633, 'delta': 1e-05}, 'validation': {'loss': 0.6962641477584839, 'balanced_accuracy': 0.5667728497917177, 'specificity': 0.3867924528301887, 'sensitivity': 0.7467532467532467, 'auc': 0.6217073021318306, 'confusion_matrix': [[164, 260], [39, 115]]}, 'duration_seconds': 93.55018785400898}]",47,Adam,false,,,,,,,true,target_epsilon,1.35498046875,5.0,1e-05,200.0,true,flat,hooks,0.5750428816466553,0.6186443273707425,0.7727272727272727,0.37735849056603776,0.6966428518295288,0.5565001537718026,0.5919921503155984,0.7654320987654321,0.3475682087781732,0.6945905923843384,0.5544846447871359,0.5879464874126795,0.7685185185185185,0.3404507710557533,0.6957255005836487,4.993681719535633,00:01:46,01:28:39
